N,R_m,R_over_lP,R_over_c_s,t_coh_s,beta,degeneracy,omega_rad_s,nu_Hz,epsilon0_J,shell_zero_point_J,bare_cutoff_M,bare_cutoff_energy_J,scalar_Casimir_energy_J,scalar_Casimir_density_J_m3,scalar_Casimir_pressure_Pa,mode_temperature_K,equal_thermal_zero_temperature_K,mean_Planck_energy_at_theta_J,theta,single_mode_compactness,scalar_Casimir_compactness,epsilon0_R_over_c_Js,scalar_Casimir_R_over_c_Js,rho_R4_Jm
0,1.616255e-35,1.0,5.391246366844893e-44,1.6937099979772578e-43,1,1,1.8548586578231776e+43,2.952099241293572e+42,978040832.5293849,978040832.5293847,24,88023674927644.62,8150340.271078206,9.779493341412359e+109,3.2598311138041197e+109,1.4167841826986943e+32,1.2896125387567953e+32,1956081665.0587697,0.9102392266268373,1.0,0.008333333333333333,5.272859085e-35,4.3940492375e-37,6.673534054403201e-30
1,2.615155524486962e-35,1.6180339887498951,8.723219863279421e-44,2.740480343812719e-43,1,1,1.1463656948617346e+43,1.8244976692822043e+42,604462476.8884035,604462476.8884035,24,54401622919956.32,5037187.307403362,1.4268088495863648e+109,4.756029498621216e+108,8.756207796310336e+31,7.970243812697404e+31,1208924953.776807,0.9102392266268373,0.3819660112501051,0.0031830500937508758,5.272859085e-35,4.3940492375e-37,6.673534054403201e-30
2,4.231410524486962e-35,2.618033988749895,1.4114466230124315e-43,4.4341903417899764e-43,1,1,7.084929629614427e+42,1.1276015720113672e+42,373578355.64098114,373578355.64098114,24,33622052007688.305,3113152.9636748433,2.081686056922003e+108,6.938953523073343e+107,5.411634030676604e+31,4.925881574870546e+31,747156711.2819623,0.9102392266268373,0.1458980337503154,0.0012158169479192951,5.272859085e-35,4.3940492375000005e-37,6.673534054403202e-30
3,6.846566048973924e-35,4.236067977499791,2.283768609340374e-43,7.174670685602698e-43,1,1,4.3787273190029195e+42,6.968960972708371e+41,230884121.24742237,230884121.24742234,24,20779570912268.008,1924034.3437285195,3.0371390259036734e+107,1.0123796753012245e+107,3.3445737656337326e+31,3.0443622378268576e+31,461768242.49484473,0.9102392266268373,0.0557280900008412,0.00046440075000701,5.272859085e-35,4.3940492375e-37,6.6735340544032e-30
4,1.1077976573460887e-34,6.8541019662496865,3.695215232352806e-43,1.1608861027392674e-42,1,1,2.706202310611507e+42,4.307054747405301e+41,142694234.39355877,142694234.39355877,24,12842481095420.29,1189118.619946323,4.431126121056942e+106,1.4770420403523139e+106,2.0670602650428715e+31,1.8815193370436886e+31,285388468.78711754,0.9102392266268373,0.02128623625220818,0.00017738530210173483,5.272859085e-35,4.3940492375e-37,6.673534054403201e-30
5,1.7924542622434808e-34,11.090169943749475,5.978983841693179e-43,1.878353171299537e-42,1,1,1.672525008391412e+42,2.6619062253030695e+41,88189886.85386358,88189886.85386358,24,7937089816847.722,734915.7237821965,6.464925883618707e+105,2.154975294539569e+105,1.2775135005908609e+31,1.1628429007831688e+31,176379773.70772716,0.9102392266268373,0.008130618755783348,6.775515629819457e-05,5.272859085e-35,4.3940492375e-37,6.673534054403201e-30
6,2.9002519195895703e-34,17.944271909999166,9.674199074045986e-43,3.039239274038805e-42,1,1,1.0336773022200953e+42,1.6451485221022318e+41,54504347.5396952,54504347.5396952,24,4905391278572.568,454202.8961641267,9.432199747614887e+104,3.144066582538296e+104,7.895467644520106e+30,7.186764362605199e+30,109008695.0793904,0.9102392266268373,0.0031056200151418556,2.5880166792848795e-05,5.272859085e-35,4.3940492375e-37,6.673534054403201e-30
7,4.692706181833052e-34,29.034441853748646,1.5653182915739166e-42,4.9175924453383424e-42,1,1,6.388477061713161e+41,1.0167577032008369e+41,33685539.31416835,33685539.31416834,24,3031698538275.151,280712.82761806954,1.3761393971172338e+104,4.5871313237241125e+103,4.8796673613884985e+30,4.441664645226487e+30,67371078.6283367,0.9102392266268373,0.0011862412896422258,9.885344080351882e-06,5.272859085000001e-35,4.3940492375e-37,6.673534054403202e-30
8,7.59295810142262e-34,46.9787137637478,2.532738198978515e-42,7.956831719377146e-42,1,1,3.948295960487794e+41,6.2839081890139515e+40,20818808.225526866,20818808.22552686,24,1873692740297.4175,173490.06854605718,2.007760322057491e+103,6.692534406858304e+102,3.015800283131609e+30,2.745099717378713e+30,41637616.45105373,0.9102392266268373,0.000453103853784822,3.77586544820685e-06,5.272859085000001e-35,4.3940492375e-37,6.673534054403201e-30
9,1.2285664283255675e-33,76.01315561749647,4.0980564905524324e-42,1.287442416471549e-41,1,1,2.4401811012253677e+41,3.883668842994419e+40,12866731.088641485,12866731.088641483,24,1158005797977.7336,107222.75907201237,2.929282832300877e+102,9.76427610766959e+101,1.86386707825689e+30,1.6965649278477744e+30,25733462.17728297,0.9102392266268373,0.00017307027171223918,1.4422522642686598e-06,5.272859085e-35,4.3940492375e-37,6.673534054403201e-30
10,1.9878622384678287e-33,122.99186938124421,6.630794689530945e-42,2.083125588409263e-41,1,1,1.5081148592624256e+41,2.4002393460195308e+40,7952077.136885378,7952077.136885378,24,715686942319.6841,66267.30947404481,4.273766055312539e+101,1.4245886851041795e+101,1.1519332048747187e+30,1.0485347895309381e+30,15904154.273770755,0.9102392266268373,6.610696135189596e-05,5.50891344599133e-07,5.272859085e-35,4.3940492375000005e-37,6.673534054403201e-30
11,3.216428666793397e-33,199.00502499874074,1.072885118008338e-41,3.370568004880813e-41,1,1,9.320662419629429e+40,1.4834294969748892e+40,4914653.951756111,4914653.951756111,24,442318855658.05005,40955.44959796759,6.235340641789402e+100,2.0784468805964674e+100,7.119338733821719e+29,6.480301383168369e+29,9829307.903512223,0.9102392266268373,2.5250612343448544e-05,2.1042176952873786e-07,5.272859085e-35,4.3940492375e-37,6.673534054403201e-30
12,5.2042909052612275e-33,321.99689437998506,1.735964586961433e-41,5.453693593290077e-41,1,1,5.760486172994821e+40,9.168098490446408e+39,3037423.1851292625,3037423.185129262,24,273368086661.63354,25311.859876077186,9.097239394005033e+99,3.032413131335011e+99,4.399993314925462e+29,4.005046512141007e+29,6074846.370258525,0.9102392266268373,9.644875678449707e-06,8.03739639870809e-08,5.272859085000001e-35,4.3940492375000005e-37,6.673534054403202e-30
13,8.420719572054622e-33,521.0019193787256,2.80884970496977e-41,8.824261598170889e-41,1,1,3.560176246634607e+40,5.666196479302485e+39,1877230.7666268488,1877230.7666268488,24,168950768996.4164,15643.589721890407,1.3272693401412475e+99,4.424231133804158e+98,2.719345418896256e+29,2.4752548710273613e+29,3754461.5332536977,0.9102392266268373,3.684014691900589e-06,3.0700122432504905e-08,5.272859085e-35,4.3940492375e-37,6.6735340544032e-30
14,1.3625010477315854e-32,842.998813758711,4.544814291931205e-41,1.427795519146097e-40,1,1,2.2003099263602147e+40,3.501902011143924e+39,1160192.418502414,1160192.418502414,24,104417317665.21725,9668.270154186781,1.9364598698368627e+98,6.454866232789543e+97,1.6806478960292064e+29,1.529791641113646e+29,2320384.837004828,0.9102392266268373,1.4071683972520515e-06,1.1726403310433762e-08,5.272859085e-35,4.3940492375e-37,6.673534054403201e-30
15,2.2045730049370464e-32,1364.0007331374359,7.353663996900971e-41,2.3102216789631842e-40,1,1,1.359866320274392e+40,2.1642944681585598e+39,717038.3481244347,717038.3481244347,24,64533451331.199135,5975.319567703622,2.825256874455909e+97,9.41752291485303e+96,1.0386975228670497e+29,9.45463229913715e+28,1434076.6962488694,0.9102392266268373,5.374904998555705e-07,4.4790874987964205e-09,5.272859085e-35,4.3940492375e-37,6.673534054403201e-30
16,3.5670740526686323e-32,2206.999546896147,1.1898478288832177e-40,3.738017198109282e-40,1,1,8.40443606085824e+39,1.3376075429853662e+39,443154.07037797984,443154.07037797984,24,39883866334.01818,3692.9505864831654,4.121994228226783e+96,1.3739980760755944e+96,6.4195037316215755e+28,5.843284111999319e+28,886308.1407559597,0.9102392266268373,2.0530310231465722e-07,1.710859185955477e-09,5.272859085e-35,4.3940492375e-37,6.673534054403202e-30
17,5.771647057605676e-32,3571.0002800335815,1.925214228573314e-40,6.0482388770724635e-40,1,1,5.194227141885675e+39,8.266869251731929e+38,273884.27774645464,273884.27774645464,24,24649584997.18092,2282.3689812204557,6.013908530284382e+95,2.0046361767614608e+95,3.967471497048918e+28,3.611348187137828e+28,547768.5554929093,0.9102392266268373,7.841880708840197e-08,6.534900590700164e-10,5.272859084999999e-35,4.3940492375000005e-37,6.673534054403202e-30
18,9.338721110274318e-32,5777.999826929735,3.115062057456535e-40,9.786256075181755e-40,1,1,3.210208918972566e+39,5.109206178121736e+38,169269.79263152523,169269.79263152523,24,15234281336.83727,1410.5816052627101,8.774174297227362e+94,2.924724765742454e+94,2.452032234572657e+28,2.231935924861491e+28,338539.58526305045,0.9102392266268373,2.995331895054829e-08,2.4961099125456906e-10,5.272859085e-35,4.3940492375e-37,6.673534054403201e-30
19,1.5110368167879996e-31,9349.000106963316,5.040276286029849e-40,1.583449495225422e-39,1,1,1.9840182229131037e+39,3.1576630736101833e+38,104614.48511492914,104614.48511492914,24,9415303660.343622,871.7873759577428,1.2801347777480302e+94,4.2671159258267675e+93,1.5154392624762576e+28,1.3794122622763335e+28,209228.97022985827,0.9102392266268373,1.1441149763243127e-08,9.534291469369273e-11,5.272859085e-35,4.3940492375e-37,6.673534054403201e-30
20,2.4449089278154293e-31,15126.999933893037,8.155338343486377e-40,2.5620751027435957e-39,1,1,1.2261906960594644e+39,1.951543104511556e+38,64655.30751659621,64655.3075165962,24,5818977676.493658,538.7942293049683,1.867691470088352e+93,6.22563823362784e+92,9.365929720964011e+27,8.525236625851591e+27,129310.61503319241,0.9102392266268373,4.370130339181069e-09,3.6417752826508906e-11,5.272859085000001e-35,4.3940492375e-37,6.673534054403202e-30
21,3.955945744603433e-31,24476.00004085638,1.319561462951624e-39,4.145524597969022e-39,1,1,7.578275268536397e+38,1.2061199690986281e+38,39959.17759833296,39959.17759833296,24,3596325983.8499665,332.99314665277467,2.724925131381253e+92,9.083083771270843e+91,5.788462903798569e+27,5.268885996911747e+27,79918.35519666591,0.9102392266268373,1.6692412543000572e-09,1.391034378583381e-11,5.272859085e-35,4.3940492375000005e-37,6.673534054403202e-30
22,6.400854672418862e-31,39602.999974749415,2.1350952973002618e-39,6.707599700712617e-39,1,1,4.683631692058233e+38,7.454231354129256e+37,24696.129918263174,24696.129918263174,24,2222651692.6436853,205.80108265219312,3.975612187853456e+91,1.3252040626178186e+91,3.5774668171654305e+27,3.2563506289398344e+27,49392.25983652635,0.9102392266268373,6.37593423719116e-10,5.313278530992633e-12,5.272859085e-35,4.3940492375e-37,6.673534054403202e-30
23,1.0356800417022287e-30,64079.00001560575,3.454656760251883e-39,1.0853124298681632e-38,1,1,2.8946435764781703e+38,4.606968336857036e+37,15263.047680069812,15263.047680069812,24,1373674291.2062833,127.19206400058178,5.800340011616104e+90,1.9334466705387013e+90,2.210996086633143e+27,2.0125353679719159e+27,30526.095360139625,0.9102392266268373,2.435390168572892e-10,2.0294918071440765e-12,5.272859085e-35,4.3940492375000005e-37,6.673534054403202e-30
24,1.6757655089441166e-30,103681.99999035527,5.5897520575521505e-39,1.7560723999394264e-38,1,1,1.788988115580063e+38,2.84726301727222e+37,9433.082238193365,9433.082238193363,24,848977401.4374027,78.60901865161136,8.462582027780673e+89,2.820860675926891e+89,1.366470730532288e+27,1.243815260967919e+27,18866.16447638673,0.9102392266268373,9.302362685275064e-11,7.751968904395887e-13,5.272859085000001e-35,4.3940492375e-37,6.673534054403201e-30
25,2.7114455506463455e-30,167761.00000596102,9.044408817804034e-39,2.84138482980759e-38,1,1,1.1056554608981045e+38,1.7597053195848113e+37,5829.965441876432,5829.965441876432,24,524696889.76887894,48.58304534897027,1.2346740783039596e+89,4.1155802610131985e+88,8.445253561008528e+26,7.687201070039947e+26,11659.930883752864,0.9102392266268373,3.553186370096336e-11,2.9609886417469467e-13,5.272859085e-35,4.3940492375e-37,6.673534054403202e-30
26,4.387211059590459e-30,271442.9999963161,1.4634160875356173e-38,4.597457229747013e-38,1,1,6.833326546819594e+37,1.0875576976874102e+37,3603.1167963169373,3603.116796316937,24,324280511.66852427,30.025973302641145,1.8013652034703113e+88,6.004550678234371e+87,5.219453744314358e+26,4.750951539639251e+26,7206.233592633875,0.9102392266268373,1.357196425013939e-11,1.1309970208449493e-13,5.272859085000001e-35,4.3940492375000005e-37,6.673534054403202e-30
27,7.098656610236799e-30,439204.0000022768,2.367856969316019e-38,7.438842059554598e-38,1,1,4.2232280621614607e+37,6.721476218974027e+36,2226.8486455595003,2226.8486455595003,24,200416378.10035503,18.557072046329168,2.628156412525558e+87,8.760521375085194e+86,3.225799816694178e+26,2.936249530400702e+26,4453.6972911190005,0.9102392266268373,5.184029049454773e-12,4.3200242078789776e-14,5.272859085e-35,4.3940492375e-37,6.6735340544032e-30
28,1.148586766982727e-29,710646.9999985936,3.83127305685164e-38,1.2036299289301622e-37,1,1,2.6100984846581335e+37,4.154100757900075e+36,1376.2681507574373,1376.268150757437,24,123864133.56816934,11.468901256311975,3.8344285297576013e+86,1.2781428432525338e+86,1.9936539276201805e+26,1.8147020092385497e+26,2752.5363015148746,0.9102392266268373,1.980122898224909e-12,1.650102415187424e-14,5.272859085000001e-35,4.3940492375e-37,6.673534054403201e-30
29,1.8584524280064069e-29,1149851.0000008703,6.19913002616766e-38,1.947514134885622e-37,1,1,1.613129577503323e+37,2.5673754610739455e+36,850.5804948020608,850.5804948020608,24,76552244.53218547,7.088170790017174,5.59435583047748e+85,1.8647852768258268e+85,1.2321458890739945e+26,1.1215475211621497e+26,1701.1609896041216,0.9102392266268373,7.56339645219967e-13,6.302830376833058e-15,5.272859085e-35,4.3940492375000005e-37,6.673534054403201e-30
30,3.0070391949891314e-29,1860497.9999994626,1.0030403083019291e-37,3.151144063815782e-37,1,1,9.96968907154812e+36,1.586725296826132e+36,525.6876559553772,525.6876559553772,24,47311889.03598395,4.38073046629481,8.162055157662794e+84,2.7206850525542645e+84,7.615080385461868e+25,6.931544880764009e+25,1051.3753119107544,0.9102392266268373,2.888960374349908e-13,2.4074669786249233e-15,5.272859085e-35,4.3940492375e-37,6.673534054403201e-30
31,4.8654916229955436e-29,3010349.000000336,1.6229533109186968e-37,5.098658198701409e-37,1,1,6.161606703485112e+36,9.806501642478137e+35,324.89283884668373,324.89283884668373,24,29240355.496201538,2.7074403237223645,1.1908277988646163e+84,3.969425996215388e+83,4.706378505278079e+25,4.283930330857489e+25,649.7856776933675,0.9102392266268373,1.1034846708500423e-13,9.195705590417018e-16,5.272859085e-35,4.3940492375e-37,6.6735340544032e-30
32,7.872530817984674e-29,4870846.999999798,2.6259936192206255e-37,8.24980226251719e-37,1,1,3.808082368062997e+36,6.060751325783163e+35,200.79481710869285,200.79481710869288,24,18071533.53978236,1.6732901425724405,1.737394343895641e+83,5.791314479652137e+82,2.908701880183781e+25,2.6476145499065123e+25,401.5896342173857,0.9102392266268373,4.214936382002264e-14,3.5124469850018866e-16,5.272859085e-35,4.3940492375e-37,6.6735340544032e-30
33,1.2738022440980208e-28,7881196.0000001285,4.248946930139319e-37,1.334846046121859e-36,1,1,2.3535243354221205e+36,3.745750316694984e+35,124.09802173799115,124.09802173799115,24,11168821.956419203,1.0341501811499263,2.5348241862329397e+82,8.4494139541098e+81,1.797676625094302e+25,1.6363157809509804e+25,248.1960434759823,0.9102392266268373,1.6099624375063555e-14,1.3416353645886295e-16,5.272859085e-35,4.3940492375000005e-37,6.673534054403201e-30
34,2.061055325896487e-28,12752042.999999918,6.874940549359941e-37,2.1598262723735768e-36,1,1,1.4545580326408793e+36,2.315001009088184e+35,76.69679537070186,76.69679537070185,24,6902711.583363166,0.6391399614225155,3.6982586467412994e+81,1.2327528822470998e+81,1.1110252550894812e+25,1.0112987689555341e+25,153.39359074140373,0.9102392266268373,6.149509305167998e-15,5.1245910876399984e-17,5.272859085000001e-35,4.3940492375e-37,6.673534054403202e-30
35,3.334857569994505e-28,20633239.00000003,1.112388747949925e-36,3.494672318495433e-36,1,1,8.989663027812429e+35,1.4307493076068026e+35,47.401226367289375,47.40122636728937,24,4266110.373056043,0.3950102197274114,5.395686648596595e+80,1.7985622161988648e+80,6.86651370004822e+24,6.250170119954474e+24,94.80245273457875,0.9102392266268373,2.3489035404404294e-15,1.9574196170336912e-17,5.272859085000001e-35,4.3940492375e-37,6.673534054403201e-30
36,5.395912895891007e-28,33385282.00000004,1.799882802885924e-36,5.654498590869025e-36,1,1,5.555917298596356e+35,8.842517014813799e+34,29.295569003412453,29.29556900341245,24,2636601.2103071203,0.24412974169510376,7.87220072763063e+79,2.62406690921021e+79,4.2437388508465875e+24,3.8628175696008613e+24,58.591138006824906,0.9102392266268373,8.972013161532756e-16,7.476677634610631e-18,5.272859085000001e-35,4.3940492375000005e-37,6.673534054403201e-30
37,8.730770465885516e-28,54018521.0000001,2.9122715508358507e-36,9.149170909364462e-36,1,1,3.4337457292160485e+35,5.464976061254189e+34,18.10565736387679,18.10565736387679,24,1629509.1627489114,0.1508804780323066,1.1485386074491144e+79,3.828462024830381e+78,2.622774849201613e+24,2.3873525503535962e+24,36.21131472775358,0.9102392266268373,3.427004080194116e-16,2.8558367334950966e-18,5.272859085e-35,4.3940492375000005e-37,6.673534054403201e-30
38,1.4126683361776514e-27,87403803.00000009,4.712154353721772e-36,1.4803669500233478e-35,1,1,2.1221715693803114e+35,3.377540953559617e+34,11.189911639535683,11.189911639535683,24,1007092.0475582116,0.09324926366279736,1.6756952451315148e+78,5.585650817105049e+77,1.6209640016449776e+24,1.4754650192472678e+24,22.379823279071367,0.9102392266268373,1.308999079049583e-16,1.0908325658746526e-18,5.272859085e-35,4.3940492375e-37,6.673534054403201e-30
39,2.2857453827662016e-27,141422324.0000001,7.624425904557618e-36,2.3952840409597926e-35,1,1,1.3115741598357388e+35,2.0874351076945744e+34,6.915745724341117,6.915745724341117,24,622417.1151907005,0.057631214369509305,2.444806414294413e+77,8.149354714314711e+76,1.001810847556637e+24,9.118875311063297e+23,13.831491448682234,0.9102392266268373,4.9999315695463076e-17,4.16660964128859e-19,5.272859085e-35,4.3940492375e-37,6.673534054403201e-30
40,3.69841371894385e-27,228826127.0,1.233658025827938e-35,3.875650990983137e-35,1,1,8.105974095445743e+34,1.2901058458650451e+34,4.274165915194574,4.274165915194574,24,384674.9323675117,0.035618049293288115,3.5669244874571496e+76,1.1889748291523831e+76,6.191531540883416e+23,5.6357748814093914e+23,8.548331830389149,0.9102392266268373,1.9098039181430837e-17,1.5915032651192365e-19,5.272859085e-35,4.3940492375e-37,6.673534054403201e-30
41,5.984159101710047e-27,370248450.9999998,1.9961006162836981e-35,6.270935031942925e-35,1,1,5.009767502911656e+34,7.973292618295313e+33,2.641579809146549,2.6415798091465486,24,237742.18282318933,0.02201316507622124,5.204072692558508e+75,1.7346908975195027e+75,3.8265769346829626e+23,3.483100429653914e+23,5.283159618293098,0.9102392266268373,7.294801848829366e-18,6.079001540691138e-20,5.272859085000001e-35,4.3940492375e-37,6.673534054403201e-30
42,9.682572820653926e-27,599074578.0000015,3.2297586421116457e-35,1.0146586022926092e-34,1,1,3.0962065925340813e+34,4.927765840355129e+33,1.6325861060480225,1.6325861060480222,24,146932.74954432203,0.013604884217066853,7.592639733379868e+74,2.5308799111266227e+74,2.3649546062004496e+23,2.1526744517554738e+23,3.265172212096045,0.9102392266268373,2.7863663650572273e-18,2.3219719708810227e-20,5.272859085000001e-35,4.3940492375000005e-37,6.673534054403202e-30
43,1.566673192236398e-26,969323029.0000019,5.225859258395347e-35,1.6417521054869025e-34,1,1,1.91356091037756e+34,3.04552677794016e+33,1.0089937030985188,1.0089937030985188,24,90809.43327886668,0.008408280859154323,1.1077512080746449e+74,3.692504026915483e+73,1.4616223284825016e+23,1.3304259778984295e+23,2.0179874061970375,0.9102392266268373,1.064297246342365e-18,8.869143719519708e-21,5.272859085e-35,4.3940492375e-37,6.6735340544032e-30
44,2.5349304743017888e-26,1568397607.0000024,8.455617900506986e-35,2.65641070777951e-34,1,1,1.182645682156524e+34,1.8822390624149734e+33,0.623592402949505,0.623592402949505,24,56123.316265455454,0.005196603357912541,1.6161872314262757e+73,5.387290771420919e+72,9.0333227771795e+22,8.222484738570463e+22,1.24718480589901,0.9102392266268373,4.0652537396986422e-19,3.3877114497488687e-21,5.272859085e-35,4.3940492375e-37,6.6735340544032e-30
45,4.101603666538184e-26,2537720636.0000024,1.3681477158902324e-34,4.2981628132664096e-34,1,1,7.309152282210373e+33,1.1632877155251889e+33,0.38540130014901447,0.38540130014901447,24,34686.117013411305,0.003211677501241787,2.3579853923746016e+72,7.859951307915338e+71,5.5829005076455265e+22,5.081775040413841e+22,0.7708026002980289,0.9102392266268373,1.552788755672265e-19,1.2939906297268874e-21,5.272859085e-35,4.3940492375e-37,6.6735340544032e-30
46,6.636534140839968e-26,4106118243.0000014,2.2137095059409294e-34,6.954573521045913e-34,1,1,4.517304539354876e+33,7.189513468897858e+32,0.238191102800491,0.238191102800491,24,21437.19925204419,0.0019849258566707584,3.440254323594214e+71,1.1467514411980713e+71,3.45042226953398e+22,3.1407096981566263e+22,0.476382205600982,0.9102392266268373,5.931125273181498e-20,4.942604394317915e-22,5.272859085e-35,4.3940492375000005e-37,6.673534054403202e-30
47,1.0738137807378145e-25,6643838879.0,3.581857221831159e-34,1.1252736334312314e-33,1,1,2.7918477428555017e+33,4.443363686354038e+32,0.14721019734852375,0.14721019734852375,24,13248.917761367138,0.0012267516445710312,5.01926341413418e+70,1.6730878047113934e+70,2.132478238111551e+22,1.9410653422572188e+22,0.2944203946970475,0.9102392266268373,2.2654882628218292e-20,1.8879068856848577e-22,5.272859085e-35,4.3940492375e-37,6.673534054403201e-30
48,1.737467194821816e-25,10749957122.00003,5.795566727772104e-34,1.820730985535828e-33,1,1,1.7254567964993715e+33,2.7461497825438152e+32,0.09098090545196708,0.09098090545196706,24,8188.2814906770345,0.0007581742120997256,7.323006629970638e+69,2.4410022099902127e+69,1.3179440314224262e+22,1.1996443558994055e+22,0.18196181090393415,0.9102392266268373,8.65339515283979e-21,7.211162627366492e-23,5.272859085e-35,4.3940492375e-37,6.673534054403201e-30
49,2.8112809755596325e-25,17393796001.000042,9.37742394960327e-34,2.9460046189670617e-33,1,1,1.0663909463561226e+33,1.697213903810211e+32,0.05622929189655628,0.05622929189655628,24,5060.636270690065,0.0004685774324713024,1.0684122684532414e+69,3.5613742281774713e+68,8.145342066891191e+21,7.414209863578082e+21,0.11245858379311256,0.9102392266268373,3.3053028303012105e-21,2.7544190252510087e-23,5.272859085e-35,4.3940492375000005e-37,6.6735340544032e-30
50,4.548748170381445e-25,28143753123.00005,1.5172990677375362e-33,4.766735604502886e-33,1,1,6.590658501432501e+32,1.048935878733606e+32,0.03475161355541085,0.03475161355541084,24,3127.645219986976,0.0002895967796284237,1.5587924920204258e+68,5.1959749734014194e+67,5.03409824733308e+21,4.58223369541598e+21,0.0695032271108217,0.9102392266268373,1.2625133380638387e-21,1.0520944483865322e-23,5.272859085000001e-35,4.3940492375e-37,6.673534054403202e-30
51,7.360029145941072e-25,45537549124.00006,2.4550414626978616e-33,7.712740223469942e-33,1,1,4.073250962128735e+32,6.482780250766067e+31,0.02147767834114549,0.021477678341145487,24,1932.9910507030938,0.00017898065284287906,2.2742475961053477e+67,7.580825320351158e+66,3.111243819558119e+21,2.83197616816211e+21,0.04295535668229098,0.9102392266268373,4.822371838903004e-22,4.018643199085836e-24,5.272859085000001e-35,4.3940492375e-37,6.6735340544032e-30
52,1.190877731632251e-24,73681302247.00006,3.972340530435395e-33,1.2479475827972822e-32,1,1,2.51740753930377e+32,4.006578536569998e+31,0.013273935214265377,0.013273935214265377,24,1194.654169283884,0.00011061612678554479,3.318082525331524e+66,1.1060275084438413e+66,1.9228544277749632e+21,1.7502575272538724e+21,0.026547870428530754,0.9102392266268373,1.8419821360706167e-22,1.5349851133921805e-24,5.272859085e-35,4.394049237499999e-37,6.673534054403201e-30
53,1.9268806462263567e-24,119218851371.00003,6.427381993133252e-33,2.0192216051442746e-32,1,1,1.5558434228249674e+32,2.4762017141960734e+31,0.008203743126880126,0.008203743126880126,24,738.3368814192114,6.836452605733438e-05,4.841017162671519e+65,1.6136723875571728e+65,1.1883893917831578e+21,1.0817186409082391e+21,0.01640748625376025,0.9102392266268373,7.035745693088426e-23,5.863121410907022e-25,5.272859085e-35,4.3940492375e-37,6.673534054403202e-30
54,3.117758377858605e-24,192900153617.99994,1.0399722523568638e-32,3.267169187941554e-32,1,1,9.615641164788044e+31,1.5303768223739275e+31,0.0050701920873852625,0.005070192087385262,24,456.3172878646736,4.2251600728210515e-05,7.062948853853071e+64,2.3543162846176905e+64,7.34465035991807e+20,6.685388863456347e+20,0.010140384174770525,0.9102392266268373,2.6874157185590966e-23,2.239513098799247e-25,5.272859085000001e-35,4.3940492375e-37,6.6735340544032e-30
55,5.044639024084976e-24,312119004989.00085,1.682710451670194e-32,5.286390793085843e-32,1,1,5.942793063461621e+31,9.458248918221447e+30,0.0031335510394948593,0.0031335510394948593,24,282.0195935545374,2.6112925329123827e-05,1.0304703502561947e+64,3.434901167520649e+63,4.5392435579135014e+20,4.131797545626039e+20,0.0062671020789897185,0.9102392266268373,1.0265014625888468e-23,8.554178854907057e-26,5.272859085e-35,4.3940492375e-37,6.673534054403201e-30
56,8.162397401943586e-24,505019158607.0011,2.722682704027059e-32,8.553559981027402e-32,1,1,3.6728481013263953e+31,5.845519305517783e+30,0.0019366410478903883,0.0019366410478903883,24,174.29769431013494,1.613867539908657e-05,1.5034359794037807e+63,5.011453264679269e+62,2.8054068020045473e+20,2.553591317830288e+20,0.0038732820957807766,0.9102392266268373,3.920886692074613e-24,3.2674055767288445e-26,5.272859085e-35,4.3940492375e-37,6.673534054403201e-30
57,1.3207036426028552e-23,817138163596.0013,4.40539315569725e-32,1.3839950774113235e-31,1,1,2.2699449621352314e+31,3.6127296127036727e+30,0.0011969099916044736,0.0011969099916044734,24,107.72189924440261,9.974249930037278e-06,2.193483532644918e+62,7.31161177548306e+61,1.733836755908958e+20,1.5782062277957544e+20,0.002393819983208947,0.9102392266268373,1.4976454503353612e-24,1.2480378752794677e-26,5.272859085000001e-35,4.3940492375e-37,6.673534054403201e-30
58,2.136943382797212e-23,1322157322203.0015,7.128075859724304e-32,2.239351075514062e-31,1,1,1.4029031391911666e+31,2.2327896928141145e+30,0.0007397310562859162,0.0007397310562859162,24,66.57579506573245,6.164425469049302e-06,3.2002493447659016e+61,1.0667497815886338e+61,1.0715700460955915e+20,9.753850900345356e+19,0.0014794621125718325,0.9102392266268373,5.72049658931466e-25,4.76708049109555e-27,5.272859085e-35,4.3940492375e-37,6.673534054403201e-30
59,3.457647025400065e-23,2139295485799.0015,1.1533469015421547e-31,3.6233461529253837e-31,1,1,8.670418229440661e+30,1.3799399198895602e+30,0.00045717893531855804,0.000457178935318558,24,41.146104178670214,3.809824460987983e-06,4.6691008691208116e+60,1.556366956373604e+60,6.622667098133675e+19,6.028211377612197e+19,0.0009143578706371161,0.9102392266268373,2.1850352645903526e-25,1.8208627204919605e-27,5.272859085e-35,4.3940492375e-37,6.673534054403201e-30
60,5.594590408197273e-23,3461452808002.0,1.8661544875145834e-31,5.862697228439441e-31,1,1,5.358613162471017e+30,8.52849772924556e+29,0.0002825521209673588,0.0002825521209673588,24,25.42969088706229,2.354601008061323e-06,6.812126361866174e+59,2.2707087872887246e+59,4.093033362822249e+19,3.7256395227331674e+19,0.0005651042419347176,0.9102392266268373,8.346092044563963e-26,6.955076703803302e-28,5.272859085e-35,4.3940492375e-37,6.673534054403202e-30
61,9.052237433597364e-23,5600748293801.018,3.0195013890567466e-31,9.48604338136485e-31,1,1,3.31180506696964e+30,5.270901469650037e+29,0.00017462681435119901,0.000174626814351199,24,15.71641329160791,1.4552234529266585e-06,9.938758418549523e+58,3.312919472849841e+58,2.5296337353114223e+19,2.3025718548790268e+19,0.00034925362870239803,0.9102392266268373,3.187923487788312e-26,2.6566029064902603e-28,5.272859085000001e-35,4.3940492375000005e-37,6.673534054403201e-30
62,1.4646827841794647e-22,9062201101803.023,4.885655876571334e-31,1.5348740609804302e-30,1,1,2.0468080955013604e+30,3.257596259595497e+29,0.00010792530661615896,0.00010792530661615894,24,9.713277595454306,8.993775551346579e-07,1.4500453111857726e+58,4.833484370619242e+57,1.563399627510815e+19,1.4230676678541296e+19,0.00021585061323231791,0.9102392266268373,1.2176784188010261e-26,1.0147320156675217e-28,5.272859085e-35,4.3940492375e-37,6.673534054403201e-30
63,2.3699065275391993e-22,14662949395604.03,7.905157265628073e-31,2.4834783991169137e-30,1,1,1.2649969714682822e+30,2.013305210054544e+29,6.670150773504018e-05,6.670150773504017e-05,24,6.003135696153615,5.558458977920014e-07,2.11558759750869e+57,7.051958658362301e+56,9.662341078006094e+18,8.795041870248988e+18,0.00013340301547008036,0.9102392266268373,4.651117686147635e-27,3.875931405123029e-29,5.272859085000001e-35,4.3940492375e-37,6.673534054403201e-30
64,3.834589311718661e-22,23725150497407.035,1.2790813142199397e-30,4.0183524600973405e-30,1,1,7.818111240330798e+29,1.2442910495409553e+29,4.1223798881118865e-05,4.1223798881118865e-05,24,3.710141899300697,3.435316573426572e-07,3.0866007070307234e+56,1.0288669023435746e+56,5.971655197102068e+18,5.435634808292319e+18,8.244759776223773e-05,0.9102392266268373,1.7765688704326326e-27,1.4804740586938606e-29,5.272859085e-35,4.3940492375e-37,6.673534054403201e-30
65,6.204495839257856e-22,38388099893011.04,2.069597040782746e-30,6.50183085921425e-30,1,1,4.8318584743520324e+29,7.690141605135899e+28,2.5477708853921355e-05,2.5477708853921355e-05,24,2.2929937968529224,2.123142404493446e-07,4.5032897412811676e+55,1.5010965804270558e+55,3.6906858809040317e+18,3.3594070619566735e+18,5.095541770784271e-05,0.9102392266268373,6.785889251502581e-28,5.654907709585484e-30,5.272859085e-35,4.3940492375e-37,6.673534054403201e-30
66,1.003908515097651e-21,62113250390418.02,3.348678355002683e-30,1.0520183319311582e-29,1,1,2.98625276597877e+29,4.752768890273662e+28,1.5746090027197538e-05,1.5746090027197538e-05,24,1.4171481024477783,1.312174168933128e-07,6.570211186608908e+54,2.1900703955363026e+54,2.2809693161980398e+18,2.0762277463356495e+18,3.1492180054395075e-05,0.9102392266268373,2.591979050181406e-28,2.159982541817838e-30,5.272859085e-35,4.3940492375e-37,6.6735340544032e-30
67,1.6243580990234352e-21,100501350283428.98,5.418275395785425e-30,1.702201417852582e-29,1,1,1.8456057083732666e+29,2.9373727148622445e+28,9.73161882672384e-06,9.73161882672384e-06,24,0.8758456944051455,8.1096823556032e-08,9.585808934505689e+53,3.1952696448352297e+53,1.4097165647059953e+18,1.283179315621027e+18,1.946323765344768e-05,0.9102392266268373,9.900478990416289e-29,8.250399158680242e-31,5.272859085e-35,4.3940492375e-37,6.673534054403201e-30
68,2.6282666141210845e-21,162614600673846.9,8.766953750788102e-30,2.754219749783738e-29,1,1,1.1406470576055057e+29,1.8153961754114214e+28,6.0144712004737094e-06,6.014471200473709e-06,24,0.5413024080426339,5.0120593337280905e-08,1.398550675450589e+53,4.6618355848352963e+52,8.71252751492046e+17,7.93048430714624e+17,1.2028942400947419e-05,0.9102392266268373,3.781646469434781e-29,3.1513720578623177e-31,5.272859085000001e-35,4.3940492375e-37,6.673534054403202e-30
69,4.252624713144516e-21,263115950957275.7,1.4185229146573514e-29,4.456421167636317e-29,1,1,7.049586507677622e+28,1.121976539450825e+28,3.717147626250137e-06,3.717147626250137e-06,24,0.3345432863625123,3.097623021875115e-08,2.0404579364841708e+52,6.801526454947236e+51,5.3846381321395034e+17,4.90130884906404e+17,7.434295252500274e-06,0.9102392266268373,1.444460417888048e-29,1.2037170149067068e-31,5.272859085e-35,4.3940492375000005e-37,6.673534054403202e-30
70,6.880891327265595e-21,425730551631122.2,2.2952182897361597e-29,7.210640917420049e-29,1,1,4.356884068377445e+28,6.934196359605976e+27,2.297323574223577e-06,2.297323574223577e-06,24,0.20675912168012195,1.914436311852981e-08,2.9769880088326727e+51,9.923293362775576e+50,3.327889382780963e+17,3.029175458082207e+17,4.594647148447154e-06,0.9102392266268373,5.517347842293584e-30,4.597789868577987e-32,5.272859085e-35,4.3940492375e-37,6.673534054403201e-30
71,1.1133516040410183e-20,688846502588402.4,3.713741204393535e-29,1.166706208505644e-28,1,1,2.6927024393001637e+28,4.285569034902253e+27,1.419824052026553e-06,1.419824052026553e-06,24,0.12778416468238976,1.1831867100221273e-08,4.343366969869419e+50,1.4477889899564732e+50,2.0567487493585306e+17,1.8721333909818237e+17,2.839648104053106e-06,0.9102392266268373,2.1074393480002263e-30,1.7561994566668554e-32,5.272859085e-35,4.3940492375e-37,6.673534054403201e-30
72,1.8014407367675814e-20,1114577054219526.8,6.008959494129706e-29,1.8877703002476528e-28,1,1,1.6641816290772527e+28,2.648627324703678e+27,8.774995221970092e-07,8.774995221970092e-07,24,0.07897495699773083,7.31249601830841e-09,6.336887007600154e+49,2.1122956692000513e+49,1.271140633422411e+17,1.1570420671003635e+17,1.7549990443940184e-06,0.9102392266268373,8.049702017071696e-31,6.708085014226413e-33,5.272859085e-35,4.3940492375e-37,6.673534054403201e-30
73,2.914792340808597e-20,1803423556807927.8,9.722700698523234e-29,3.054476508753294e-28,1,1,1.028520810222913e+28,1.6369417101985782e+27,5.423245298295448e-07,5.423245298295448e-07,24,0.04880920768465903,4.5193710819128735e-09,9.24539354506785e+48,3.08179784835595e+48,7.85608115936121e+16,7.150913238814615e+16,1.0846490596590896e-06,0.9102392266268373,3.0747125712128057e-31,2.5622604760106714e-33,5.272859085e-35,4.3940492375e-37,6.6735340544032e-30
74,4.7162330775761756e-20,2918000611027452.5,1.5731660192652932e-28,4.942246809000943e-28,1,1,6.356608188543409e+27,1.0116856145051021e+27,3.3517499236746503e-07,3.3517499236746503e-07,24,0.030165749313071855,2.793124936395542e-09,1.3488847394732599e+48,4.496282464910867e+47,4.855325174862909e+16,4.419507432189028e+16,6.703499847349301e-07,0.9102392266268373,1.174435696566711e-31,9.786964138055924e-34,5.272859085e-35,4.3940492375e-37,6.6735340544032e-30
75,7.631025418384768e-20,4721424167835377.0,2.545436089117615e-28,7.996723317754233e-28,1,1,3.928599913685728e+27,6.25256095693477e+26,2.0714953746208007e-07,2.071495374620801e-07,24,0.018643458371587207,1.7262461455173339e-09,1.9679963124495556e+47,6.559987708165185e+46,3.0007559844983056e+16,2.7314058066255916e+16,4.1429907492416014e-07,0.9102392266268373,4.485945184873259e-32,3.738287654061049e-34,5.272859085e-35,4.3940492375e-37,6.673534054403201e-30
76,1.2347258495960935e-19,7639424778862825.0,4.1186021083829055e-28,1.2938970126755168e-27,1,1,2.4280082748576845e+27,3.864295188116258e+26,1.280254549053852e-07,1.280254549053852e-07,24,0.011522290941484667,1.06687879087821e-09,2.8712679241426217e+46,9.570893080475406e+45,1.8545691903646064e+16,1.6881016255634394e+16,2.560509098107704e-07,0.9102392266268373,1.7134785889526558e-32,1.4278988241272132e-34,5.272859085e-35,4.3940492375e-37,6.673534054403201e-30
77,1.9978283914345687e-19,1.2360848946698192e+16,6.664038197500514e-28,2.0935693444509384e-27,1,1,1.5005916388280467e+27,2.3882657688185174e+26,7.912408255669505e-08,7.912408255669505e-08,24,0.0071211674301025546,6.593673546391255e-10,4.1891234450275955e+45,1.3963744816758651e+45,1.1461867941337016e+16,1.0433041810621544e+16,1.582481651133901e-07,0.9102392266268373,6.544905819847053e-33,5.454088183205878e-35,5.272859085e-35,4.3940492375000005e-37,6.673534054403201e-30
78,3.2325542410306595e-19,2.0000273725561e+16,1.078264030588341e-27,3.387466357126453e-27,1,1,9.274166360296398e+26,1.4760294192977435e+26,4.8901372348690247e-08,4.8901372348690247e-08,24,0.004401123511382122,4.075114362390854e-10,6.111848737668752e+44,2.0372829125562508e+44,7083823962309065.0,6447974445012862.0,9.780274469738049e-08,0.9102392266268373,2.499931570014581e-33,2.0832763083454843e-35,5.272859085e-35,4.3940492375e-37,6.673534054403201e-30
79,5.230382632465224e-19,3.236112267225917e+16,1.744667850338391e-27,5.481035701577387e-27,1,1,5.731750027984081e+26,9.122363495207759e+25,3.022271020800487e-08,3.022271020800487e-08,24,0.0027200439187204375,2.5185591840004055e-10,8.917067134052206e+43,2.9723557113507353e+43,4378043979027959.5,3985067365608691.0,6.044542041600973e-08,0.9102392266268373,9.548888901966834e-34,7.957407418305695e-36,5.272859085e-35,4.3940492375e-37,6.673534054403201e-30
80,8.462936873495877e-19,5.236139639782013e+16,2.8229318809267302e-27,8.868502058703832e-27,1,1,3.542416332312325e+26,5.637930697769686e+25,1.8678662140685422e-08,1.8678662140685422e-08,24,0.0016810795926616882,1.5565551783904517e-10,1.3009825616777803e+43,4.336608538925934e+42,2705779983281112.0,2462907079404176.5,3.7357324281370844e-08,0.9102392266268373,3.6473510057546716e-34,3.0394591714622265e-36,5.272859085e-35,4.3940492375e-37,6.673534054403202e-30
81,1.369331950596109e-18,8.472251907007923e+16,4.5675997312651176e-27,1.4349537760281207e-26,1,1,2.1893336956717605e+26,3.4844327974380796e+25,1.1544048067319467e-08,1.1544048067319467e-08,24,0.001038964326058752,9.620040056099556e-11,1.8981079769223705e+42,6.327026589741235e+41,1672263995746850.2,1522160286204517.8,2.3088096134638933e-08,0.9102392266268373,1.393164115297173e-34,1.1609700960809774e-36,5.272859085e-35,4.3940492375e-37,6.673534054403201e-30
82,2.2156256379456955e-18,1.3708391546789928e+17,7.390531612191843e-27,2.3218039818985023e-26,1,1,1.3530826366405671e+26,2.1534979003316115e+25,7.134614073365968e-09,7.134614073365967e-09,24,0.0006421152666029371,5.945511727804973e-11,2.7693022167876343e+41,9.231007389292114e+40,1033515987534263.6,940746793199660.1,1.4269228146731936e-08,0.9102392266268373,5.321413401368434e-35,4.434511167807028e-37,5.272859085e-35,4.3940492375e-37,6.673534054403201e-30
83,3.584957588541802e-18,2.2180643453797834e+17,1.1958131343456951e-26,3.7567577579266204e-26,1,1,8.362510590311947e+25,1.3309348971064702e+25,4.409433993953507e-09,4.409433993953507e-09,24,0.00039684905945581555,3.6745283282945885e-11,4.040357482897067e+40,1.3467858276323555e+40,638748008212587.9,581413493004858.8,8.818867987907014e-09,0.9102392266268373,2.0325990511335578e-35,1.693832542611298e-37,5.272859085e-35,4.3940492375e-37,6.6735340544032e-30
84,5.800583226487534e-18,3.588903500058799e+17,1.9348662955648917e-26,6.078561739825161e-26,1,1,5.168315776093697e+25,8.225630032251373e+24,2.7251800794124477e-09,2.7251800794124477e-09,24,0.00024526620714712026,2.270983399510373e-11,5.894802124030405e+39,1.9649340413434682e+39,394767979321673.7,359333300194799.56,5.450360158824895e-09,0.9102392266268373,7.763837520322234e-36,6.469864600268529e-38,5.272859085e-35,4.3940492375e-37,6.673534054403201e-30
85,9.385540815029354e-18,5.806967845438593e+17,3.130679429910593e-26,9.835319497751801e-26,1,1,3.1941948142181977e+25,5.083718938813244e+24,1.6842539145410312e-09,1.684253914541031e-09,24,0.00015158285230869277,1.4035449287841926e-11,8.600400392432211e+38,2.866800130810737e+38,243980028890910.16,222080192810055.47,3.3685078290820624e-09,0.9102392266268373,2.965522049631394e-36,2.4712683746928283e-38,5.272859085e-35,4.3940492375e-37,6.673534054403201e-30
86,1.5186124041516878e-17,9.395871345497386e+17,5.065545725475481e-26,1.5913881237576951e-25,1,1,1.974120961875503e+25,3.141911093438134e+24,1.0409261648714185e-09,1.0409261648714185e-09,24,9.368335483842769e-05,8.674384707261819e-12,1.2547815067213032e+38,4.182605022404344e+37,150787950430763.84,137253107384744.38,2.081852329742837e-09,0.9102392266268373,1.132728628571941e-36,9.439405238099508e-39,5.272859085e-35,4.394049237499999e-37,6.673534054403201e-30
87,2.4571664856546215e-17,1.520283919093597e+18,8.196225155386069e-26,2.574920073532873e-25,1,1,1.2200738523426968e+25,1.9418078453751143e+24,6.433277496696137e-10,6.433277496696137e-10,24,5.7899497470265234e-05,5.361064580580115e-12,1.8307015461689676e+37,6.102338487229892e+36,93192078460146.45,84827085425311.25,1.2866554993392274e-09,0.9102392266268373,4.326638360844266e-37,3.605531967370222e-39,5.272859085e-35,4.3940492375e-37,6.6735340544032e-30
88,3.975778889806306e-17,2.4598710536433336e+18,1.326177088086154e-25,4.1663081972905655e-25,1,1,7.540471095328076e+24,1.2001032480630217e+24,3.9759841520180547e-10,3.9759841520180547e-10,24,3.5783857368162495e-05,3.3133201266817122e-12,2.670957559697154e+36,8.90319186565718e+35,57595871970617.51,52426021959433.21,7.951968304036109e-10,0.9102392266268373,1.6526287968133792e-37,1.3771906640111494e-39,5.272859085e-35,4.3940492375e-37,6.673534054403202e-30
89,6.432945375460923e-17,3.980154972736927e+18,2.1457996036247594e-25,6.7412282708234335e-25,1,1,4.6602674280989017e+24,7.417045973120942e+23,2.4572933446780877e-10,2.4572933446780877e-10,24,2.2115640102102793e-05,2.0477444538984066e-12,3.8968745619035625e+35,1.2989581873011874e+35,35596206489529.016,32401063465878.1,4.914586689356175e-10,0.9102392266268373,6.312480295958677e-38,5.260400246632231e-40,5.272859085e-35,4.3940492375e-37,6.6735340544032e-30
90,1.0408724265267222e-16,6.440026026380256e+18,3.4719766917109106e-25,1.0907536468113992e-24,1,1,2.8802036672291796e+24,4.583986507509283e+23,1.5186908073399696e-10,1.5186908073399696e-10,24,1.3668217266059726e-05,1.2655756727833079e-12,5.685463363533529e+34,1.8951544545111761e+34,21999665481088.523,20024958493555.15,3.037381614679939e-10,0.9102392266268373,2.4111529197422217e-38,2.009294099785185e-40,5.272859085e-35,4.3940492375e-37,6.673534054403201e-30
91,1.6841669640728132e-16,1.0420180999117177e+19,5.617776295335666e-25,1.7648764738937412e-24,1,1,1.7800637608697255e+24,2.8330594656116636e+23,9.386025373381199e-11,9.3860253733812e-11,24,8.44742283604308e-06,7.821687811151e-13,8.294979256989986e+33,2.7649930856633286e+33,13596541008440.521,12376104972322.979,1.8772050746762398e-10,0.9102392266268373,9.209784632679822e-39,7.674820527233185e-41,5.272859085e-35,4.3940492375e-37,6.673534054403201e-30
92,2.7250393905995333e-16,1.686020702549742e+19,9.08975298704657e-25,2.855630120705138e-24,1,1,1.1001399063594561e+24,1.750927041897623e+23,5.800882700018507e-11,5.800882700018507e-11,24,5.2207944300166564e-06,4.834068916682089e-13,1.2102211635944944e+33,4.034070545314982e+32,8403124472648.019,7648853521232.182,1.1601765400037014e-10,0.9102392266268373,3.51782470061723e-39,2.9315205838476913e-41,5.272859085e-35,4.3940492375e-37,6.673534054403201e-30
93,4.4092063546723433e-16,2.7280388024614576e+19,1.4707529282382225e-24,4.620506594598876e-24,1,1,6.799238545102709e+23,1.0821324237140429e+23,3.5851426733627e-11,3.5851426733626996e-11,24,3.22662840602643e-06,2.9876188944689166e-13,1.7656888817145594e+32,5.885629605715198e+31,5193416535792.515,4727251451090.808,7.1702853467254e-11,0.9102392266268373,1.3436894691718602e-39,1.1197412243098835e-41,5.272859085000001e-35,4.3940492375000005e-37,6.6735340544032e-30
94,7.134245745271872e-16,4.414059505011197e+19,2.3797282269428777e-24,7.476136715304009e-24,1,1,4.2021605184918606e+23,6.687946181835815e+22,2.2157400266558118e-11,2.2157400266558118e-11,24,1.9941660239902306e-06,1.8464500222131765e-13,2.576105360569481e+31,8.587017868564937e+30,3209707936855.5103,2921602070141.3813,4.4314800533116236e-11,0.9102392266268373,5.132437068983471e-40,4.277030890819559e-42,5.272859085e-35,4.3940492375e-37,6.673534054403201e-30
95,1.1543452099944206e-15,7.142098307472649e+19,3.850481155181097e-24,1.2096643309902875e-23,1,1,2.5970780266108524e+23,4.133378055304621e+22,1.3694026467068905e-11,1.3694026467068905e-11,24,1.2324623820362015e-06,1.1411688722557422e-13,3.7584870684073566e+30,1.2528290228024522e+30,1983708598937.0078,1805649380949.429,2.738805293413781e-11,0.9102392266268373,1.9604165152318e-40,1.633680429359833e-42,5.272859085e-35,4.3940492375000005e-37,6.673534054403202e-30
96,1.8677697845216198e-15,1.1556157812483919e+20,6.230209382124015e-24,1.957278002520701e-23,1,1,1.605082491881e+23,2.5545681265311814e+22,8.46337379948917e-12,8.463373799489169e-12,24,7.617036419540252e-07,7.052811499574309e-14,5.4835587315660605e+29,1.82785291052202e+29,1225999337918.4963,1115952689191.9465,1.692674759897834e-11,0.9102392266268373,7.488124767119115e-41,6.240103972599262e-43,5.272859085000001e-35,4.3940492375000005e-37,6.673534054403202e-30
97,3.0221149945160465e-15,1.8698256119956606e+20,1.0080690537305133e-23,3.166942333510995e-23,1,1,9.919955347298357e+22,1.578809928773413e+22,5.230652667579647e-12,5.230652667579647e-12,24,4.707587400821681e-07,4.358877222983039e-14,8.000404368898637e+28,2.6668014562995457e+28,757709261018.4988,689696691757.4707,1.0461305335159293e-11,0.9102392266268373,2.8602091490396137e-41,2.3835076241996783e-43,5.272859085e-35,4.3940492375e-37,6.673534054403201e-30
98,4.889884779037662e-15,3.02544139324405e+20,1.6310899919429133e-23,5.124220336031692e-23,1,1,6.130869571511656e+22,9.757581977577704e+21,3.2327211319095295e-12,3.232721131909529e-12,24,2.909449018718576e-07,2.693934276591274e-14,1.1672432666297475e+28,3.890810888765825e+27,468290076899.99835,426255997434.4767,6.465442263819059e-12,0.9102392266268373,1.0925026799997203e-41,9.10418899999767e-44,5.272859085000001e-35,4.3940492375e-37,6.6735340544032e-30
99,7.911999773553702e-15,4.895267005239707e+20,2.6391590456734247e-23,8.29116266954268e-23,1,1,3.789085775786709e+22,6.030517310156437e+21,1.997931535670122e-12,1.9979315356701224e-12,24,1.7981383821031102e-07,1.6649429463917687e-14,1.7029849750957574e+27,5.676616583652525e+26,289419184118.50104,263440694322.99463,3.995863071340244e-12,0.9102392266268373,4.1729889095954354e-42,3.477490757996196e-44,5.272859084999999e-35,4.3940492375000005e-37,6.673534054403202e-30
100,1.2801884552591356e-14,7.920708398483752e+20,4.2702490376163354e-23,1.3415383005574363e-22,1,1,2.341783795724951e+22,3.7270646674212724e+21,1.2347895962394091e-12,1.2347895962394091e-12,24,1.1113106366154682e-07,1.0289913301995076e-14,2.484621593728014e+26,8.28207197909338e+25,178870892781.49756,162815303111.48227,2.4695791924788183e-12,0.9102392266268373,1.5939399287890955e-42,1.3282832739909128e-44,5.272859085e-35,4.3940492375e-37,6.673534054403201e-30
101,2.0713884326145045e-14,1.281597540372345e+21,6.909408083289756e-23,2.1706545675117026e-22,1,1,1.447301980061761e+22,2.3034526427351703e+21,7.631419394307145e-13,7.631419394307145e-13,24,6.86827745487643e-08,6.359516161922621e-15,3.6250140513849296e+25,1.20833801712831e+25,110548291337.00375,100625391211.51259,1.526283878861429e-12,0.9102392266268373,6.088308767718481e-43,5.0735906397654005e-45,5.272859085e-35,4.3940492375e-37,6.673534054403201e-30
102,3.3515768878736374e-14,2.0736683802207183e+21,1.117965712090608e-22,3.5121928680691365e-22,1,1,8.944818156631915e+21,1.4236120246861045e+21,4.716476568086955e-13,4.716476568086955e-13,24,4.244828911278259e-08,3.930397140072462e-15,5.288824224143277e+24,1.762941408047759e+24,68322601444.49392,62189911899.96978,9.43295313617391e-13,0.9102392266268373,2.3255270152644748e-43,1.9379391793870624e-45,5.272859085e-35,4.3940492375000005e-37,6.673534054403202e-30
103,5.422965320488138e-14,3.355265920593061e+21,1.8089065204195824e-22,5.682847435580835e-22,1,1,5.528201643985706e+21,8.798406180490674e+20,2.9149428262201965e-13,2.9149428262201965e-13,24,2.623448543598177e-08,2.4291190218501637e-15,7.71629055153543e+23,2.57209685051181e+23,42225689892.50992,38435479311.54289,5.829885652440393e-13,0.9102392266268373,8.882722780749344e-44,7.402268983957787e-46,5.272859085e-35,4.3940492375e-37,6.673534054403201e-30
104,8.774542208361769e-14,5.428934300813775e+21,2.9268722325101884e-22,9.195040303649965e-22,1,1,3.4166165126462146e+21,5.437714066370382e+20,1.801533741866761e-13,1.801533741866761e-13,24,1.6213803676800847e-08,1.5012781182223007e-15,1.1257916193151593e+23,3.752638731050531e+22,26096911551.984043,23754432588.426933,3.603067483733522e-13,0.9102392266268373,3.392898189603274e-44,2.8274151580027283e-46,5.272859085e-35,4.3940492375e-37,6.673534054403201e-30
105,1.4197507528849898e-13,8.784200221406831e+21,4.735778752929768e-22,1.4877887739230791e-21,1,1,2.1115851313394963e+21,3.360692114120299e+20,1.1134090843534382e-13,1.113409084353438e-13,24,1.0020681759180943e-08,9.27840903627865e-16,1.6425078367066564e+22,5.475026122355521e+21,16128778340.525913,14681046723.115992,2.2268181687068763e-13,0.9102392266268373,1.2959717880604666e-44,1.0799764900503888e-46,5.272859085e-35,4.394049237499999e-37,6.6735340544032e-30
106,2.2972049737211645e-13,1.4213134522220592e+22,7.662650985439949e-22,2.4072928042880734e-21,1,1,1.3050313813067206e+21,2.077021952250087e+20,6.881246575133241e-14,6.88124657513324e-14,24,6.193121917619915e-09,5.734372145944367e-16,2.3963866379498616e+21,7.987955459832872e+20,9968133211.458149,9073385865.310957,1.3762493150266482e-13,0.9102392266268373,4.950171745781237e-45,4.1251431214843644e-47,5.272859085000001e-35,4.3940492375e-37,6.673534054403202e-30
107,3.716955726606152e-13,2.299733474362741e+22,1.239842973836971e-21,3.89508157821115e-21,1,1,8.065537500327777e+20,1.2836701618702152e+20,4.252844268401151e-14,4.252844268401151e-14,24,3.827559841561036e-09,3.5440368903342927e-16,3.496280985824144e+20,1.1654269952747148e+20,6160645129.06778,5607660857.805048,8.505688536802302e-14,0.9102392266268373,1.8907973567390302e-45,1.575664463949192e-47,5.272859085e-35,4.3940492375e-37,6.673534054403201e-30
108,6.014160700327313e-13,3.721046926584798e+22,2.0061080723809646e-21,6.302374382499219e-21,1,1,4.984776312739435e+20,7.933517903798727e+19,2.628402306732093e-14,2.628402306732093e-14,24,2.3655620760588835e-09,2.1903352556100774e-16,5.10100521270358e+19,1.7003350709011933e+19,3807488082.3903728,3465725007.505913,5.256804613464186e-14,0.9102392266268373,7.222203244358502e-46,6.018502703632085e-48,5.272859085e-35,4.3940492375e-37,6.673534054403201e-30
109,9.731116426933525e-13,6.020780400947576e+22,3.2459510462179556e-21,1.0197455960710432e-20,1,1,3.080761187588327e+20,4.9031837149034004e+19,1.6244419616690496e-14,1.6244419616690496e-14,24,1.4619977655021447e-09,1.353701634724208e-16,7.442266306835429e+18,2.48075543561181e+18,2353157046.6773953,2141935850.2991247,3.248883923338099e-14,0.9102392266268373,2.7586361656851505e-46,2.298863471404292e-48,5.272859085e-35,4.3940492375e-37,6.6735340544032e-30
110,1.574527712726087e-12,9.741827327532394e+22,5.25205911859893e-21,1.6499830343209683e-20,1,1,1.9040151251510775e+20,3.0303341888952775e+19,1.0039603450630271e-14,1.003960345063027e-14,24,9.035643105567243e-10,8.366336208858558e-17,1.0858120208135132e+18,3.619373402711711e+17,1454331035.7129538,1323789157.2067664,2.0079206901260542e-14,0.9102392266268373,1.053705252697042e-46,8.780877105808683e-49,5.272859085000001e-35,4.3940492375e-37,6.673534054403202e-30
111,2.5476393554194376e-12,1.5762607728479958e+23,8.49801016481688e-21,2.6697286303920095e-20,1,1,1.1767460624372512e+20,1.8728495260081263e+19,6.2048161660602366e-15,6.204816166060237e-15,24,5.584334549454214e-10,5.170680138383531e-17,1.584178388591485e+17,5.280594628638284e+16,898826010.964443,818146693.0923598,1.2409632332120473e-14,0.9102392266268373,4.024795924059737e-47,3.3539966033831142e-49,5.272859085e-35,4.3940492375e-37,6.673534054403201e-30
112,4.122167068145522e-12,2.5504435056012333e+23,1.37500692834158e-20,4.319711664712975e-20,1,1,7.272690627138275e+19,1.1574846628871528e+19,3.83478728457004e-15,3.83478728457004e-15,24,3.451308556113036e-10,3.1956560704750333e-17,2.311285120052413e+16,7704283733508043.0,555505024.7485117,505642464.1144074,7.66957456914008e-15,0.9102392266268373,1.5373352452087804e-47,1.2811127043406504e-49,5.272859085e-35,4.3940492375e-37,6.6735340544032e-30
113,6.669806423564954e-12,4.126704278449226e+23,2.2248079448232663e-20,6.98944029510498e-20,1,1,4.494769997234246e+19,7.15364863120975e+18,2.370028881490202e-15,2.3700288814902014e-15,24,2.1330259933411814e-10,1.9750240679085013e-17,3372119544520097.0,1124039848173365.6,343320986.215932,312504228.977953,4.740057762980404e-15,0.9102392266268373,5.872098115666008e-48,4.89341509638834e-50,5.272859085000001e-35,4.3940492375000005e-37,6.673534054403201e-30
114,1.0791973491710467e-11,6.677147784050454e+23,3.5998148731648435e-20,1.1309151959817946e-19,1,1,2.7779206299040362e+19,4.4211979976617897e+18,1.464758403079842e-15,1.4647584030798418e-15,24,1.318282562771858e-10,1.220632002566535e-17,491985611116492.7,163995203705497.56,212184038.53258026,193138235.13645488,2.929516806159684e-15,0.9102392266268373,2.2429418949102063e-48,1.8691182457585052e-50,5.272859085000001e-35,4.3940492375000005e-37,6.673534054403202e-30
115,1.7461779915275412e-11,1.0803852062499675e+24,5.824622817988107e-20,1.8298592254922917e-19,1,1,1.7168493673302122e+19,2.7324506335479644e+18,9.052704784103612e-16,9.052704784103612e-16,24,8.14743430569325e-11,7.543920653419677e-18,71779733295343.7,23926577765114.566,131136947.68335198,119365993.84149833,1.8105409568207224e-15,0.9102392266268373,8.567275690646045e-49,7.139396408871704e-51,5.272859085e-35,4.3940492375e-37,6.673534054403202e-30
116,2.8253753406985855e-11,1.7480999846550115e+24,9.424437691152943e-20,2.9607744214740834e-19,1,1,1.0610712625738252e+19,1.6887473641138268e+18,5.594879246694815e-16,5.594879246694815e-16,24,5.035391322025334e-11,4.662399372245679e-18,10472521950912.727,3490840650304.242,81047090.84922837,73772241.29495665,1.118975849338963e-15,0.9102392266268373,3.2724081228360647e-49,2.727006769030054e-51,5.272859085e-35,4.3940492375e-37,6.6735340544032e-30
117,4.571553332226123e-11,2.8284851909049765e+24,1.5249060509141036e-19,4.790633646966371e-19,1,1,6.557781047563887e+18,1.0437032694341402e+18,3.4578255374088057e-16,3.4578255374088053e-16,24,3.1120429836679244e-11,2.8815212811740042e-18,1527920361045.188,509306787015.0627,50089856.834123746,45593752.546541795,6.915651074817611e-16,0.9102392266268373,1.249948677862137e-49,1.0416238982184475e-51,5.272859085e-35,4.3940492375e-37,6.673534054403201e-30
118,7.396928672924703e-11,4.5765851755599845e+24,2.4673498200293964e-19,7.751408068440449e-19,1,1,4.0529315781743744e+18,6.450440946796882e+17,2.1370537092860137e-16,2.1370537092860137e-16,24,1.923348338357412e-11,1.7808780910716783e-18,222920576403.56546,74306858801.18849,30957234.01510469,28178488.74841491,4.2741074185720275e-16,0.9102392266268373,4.774379107503436e-50,3.9786492562528635e-52,5.272859085e-35,4.3940492375000005e-37,6.673534054403202e-30
119,1.1968482005150819e-10,7.405070366464956e+24,3.992255870943497e-19,1.2542041715406812e-18,1,1,2.5048494693895163e+18,3.9865917475445274e+17,1.320771828122794e-16,1.320771828122794e-16,24,1.1886946453105144e-11,1.1006431901023282e-18,32523673779.767227,10841224593.255743,19132622.819019083,17415263.79812691,2.641543656245588e-16,0.9102392266268373,1.823650543888926e-50,1.519708786574105e-52,5.272859085e-35,4.3940492375e-37,6.673534054403201e-30
120,1.9365410678075508e-10,1.1981655542024932e+25,6.459605690972889e-19,2.0293449783847248e-18,1,1,1.5480821087848612e+18,2.463849199252359e+17,8.162818811632214e-17,8.162818811632214e-17,24,7.346536930468993e-12,6.80234900969351e-19,4745140054.804739,1581713351.6015797,11824611.196085628,10763224.950288024,1.6325637623264427e-16,0.9102392266268373,6.965725241633387e-51,5.80477103469449e-53,5.272859085e-35,4.3940492375e-37,6.673534054403201e-30
121,3.1333892683226306e-10,1.9386725908489875e+25,1.0451861561916379e-18,3.2835491499254042e-18,1,1,9.567673606046568e+17,1.5227425482921706e+17,5.0448994695957354e-17,5.0448994695957354e-17,24,4.540409522636163e-12,4.2040828913297796e-19,692306603.8658768,230768867.95529225,7308011.622933469,6652038.847838898,1.0089798939191471e-16,0.9102392266268373,2.660670286010882e-51,2.2172252383424016e-53,5.272859085e-35,4.3940492375e-37,6.673534054403201e-30
122,5.069930336130213e-10,3.1368381450515004e+25,1.6911467252889374e-18,5.312894128310162e-18,1,1,5.913147481802012e+17,9.411066509601835e+16,3.117919342036461e-17,3.1179193420364615e-17,24,2.806127407832815e-12,2.5982661183637173e-19,101006172.25638735,33668724.08546245,4516599.573152134,4111186.1024491023,6.235838684072922e-17,0.9102392266268373,1.0162856163992401e-51,8.469046803327001e-54,5.272859084999999e-35,4.394049237499999e-37,6.6735340544032e-30
123,8.203319604452859e-10,5.075510735900498e+25,2.7363328814805807e-18,8.596443278235582e-18,1,1,3.654526124244496e+17,5.816358973319776e+16,1.926980127559243e-17,1.9269801275592428e-17,24,1.7342821148033187e-12,1.6058167729660356e-19,14736601.928852608,4912200.642950869,2791412.0497812885,2540852.7453897544,3.853960255118486e-17,0.9102392266268373,3.8818656318687256e-52,3.2348880265572714e-54,5.272859085000001e-35,4.3940492375e-37,6.6735340544032e-30
124,1.3273249940583063e-09,8.212348880951993e+25,4.427479606769515e-18,1.3909337406545735e-17,1,1,2.2586213575575206e+17,3.594707536282066e+16,1.1909392144772206e-17,1.1909392144772206e-17,24,1.0718452930294987e-12,9.924493453976839e-20,2150041.2455807067,716680.4151935689,1725187.5233708504,1570333.3570593516,2.3818784289544413e-17,0.9102392266268373,1.4827407316137674e-52,1.2356172763448062e-54,5.272859085e-35,4.3940492375e-37,6.673534054403201e-30
125,2.147656954503591e-09,1.3287859616852482e+26,7.16381248825009e-18,2.2505780684781303e-17,1,1,1.3959047666869776e+17,2.2216514370377136e+16,7.360409130820235e-18,7.360409130820235e-18,24,6.624368217738212e-13,6.13367427568353e-20,313686.79021230474,104562.26340410158,1066224.5264104395,970519.3883304043,1.472081826164047e-17,0.9102392266268373,5.663565629725741e-53,4.7196380247714504e-55,5.272859085e-35,4.3940492375000005e-37,6.673534054403201e-30
126,3.4749819485618945e-09,2.150020849780446e+26,1.1591292095019597e-17,3.6415118091327003e-17,1,1,8.627165908705446e+16,1.3730560992443548e+16,4.54898301395198e-18,4.548983013951979e-18,24,4.0940847125567815e-13,3.790819178293316e-20,45766.28590542308,15255.428635141026,658962.996960412,599813.9687289484,9.09796602790396e-18,0.9102392266268373,2.1632895730395334e-53,1.8027413108662778e-55,5.272859085000001e-35,4.3940492375000005e-37,6.673534054403202e-30
127,5.622638903065481e-09,3.478806811465691e+26,1.8755104583269672e-17,5.892089877610827e-17,1,1,5.3318817581643416e+16,8485953377933607.0,2.811426116868262e-18,2.811426116868262e-18,24,2.5302835051814357e-13,2.3428550973902182e-20,6677.211125656017,2225.7370418853393,407261.5294500285,370705.41960145684,5.622852233736524e-18,0.9102392266268373,8.263030893928546e-54,6.885859078273789e-56,5.272859085e-35,4.3940492375e-37,6.673534054403201e-30
128,9.09762085162737e-09,5.6288276612461334e+26,3.034639667828925e-17,9.533601686743521e-17,1,1,3.2952841505411116e+16,5244607614509953.0,1.7375568970837207e-18,1.7375568970837207e-18,24,1.5638012073753485e-13,1.4479640809031008e-20,974.1919741689454,324.7306580563151,251701.46751038398,229108.54912749192,3.4751137941674415e-18,0.9102392266268373,3.15619695139028e-54,2.630164126158567e-56,5.272859085e-35,4.3940492375000005e-37,6.673534054403202e-30
129,1.4720259754692839e-08,9.107634472711818e+26,4.910150126155888e-17,1.5425691564354334e-16,1,1,2.0365976076232336e+16,3241345763423659.5,1.0738692197845432e-18,1.0738692197845432e-18,24,9.66482297806089e-14,8.948910164871192e-21,142.13269352658756,47.37756450886252,155560.06193964477,141596.87047396516,2.1477384395690864e-18,0.9102392266268373,1.2055599602422886e-54,1.0046333002019072e-56,5.272859085e-35,4.3940492375e-37,6.673534054403201e-30
130,2.381788060632019e-08,1.4736462133957939e+27,7.944789793984807e-17,2.4959293251097837e-16,1,1,1.2586865429178808e+16,2003261851086298.0,6.63687677299179e-19,6.63687677299179e-19,24,5.973189095692611e-14,5.530730644159826e-21,20.736880517165364,6.912293505721788,96141.4055707394,87511.67865352695,1.327375354598358e-18,0.9102392266268373,4.604829293365829e-55,3.837357744471524e-57,5.272859085e-35,4.3940492375000005e-37,6.673534054403202e-30
131,3.8538140361013e-08,2.384409660666974e+27,1.2854939920140687e-16,4.0384984815452137e-16,1,1,7779110647053540.0,1238083912337363.2,4.101815424853649e-19,4.101815424853649e-19,24,3.691633882368284e-14,3.418179520711373e-21,3.025470093569656,1.0084900311898852,59418.656368905475,54085.19182043832,8.203630849707298e-19,0.9102392266268373,1.7588882776745874e-55,1.4657402313954895e-57,5.272859085e-35,4.394049237499999e-37,6.6735340544032e-30
132,6.235602096733314e-08,3.858055874062765e+27,2.0799729714125478e-16,6.534427806654993e-16,1,1,4807754782125278.0,765177938748936.2,2.535061348138147e-19,2.5350613481381464e-19,24,2.281555213324332e-14,2.1125511234484556e-21,0.44141013782219685,0.14713671260739894,36722.74920183402,33426.486833088704,5.070122696276294e-19,0.9102392266268373,6.718355396579305e-56,5.598629497149421e-58,5.272859085000001e-35,4.3940492375000005e-37,6.673534054403201e-30
133,1.0089416132834608e-07,6.242465534729735e+27,3.3654669634266145e-16,1.05729262882002e-15,1,1,2971355864928268.0,472905973588427.94,1.566754076715505e-19,1.566754076715505e-19,24,1.4100786690439545e-14,1.3056283972629209e-21,0.06440087118571437,0.021466957061904792,22695.9071670715,20658.704987349654,3.13350815343101e-19,0.9102392266268373,2.5661834129920174e-56,2.138486177493348e-58,5.272859085e-35,4.3940492375e-37,6.673534054403201e-30
134,1.632501822956791e-07,1.0100521408792491e+28,5.445439934839158e-16,1.7107354094855178e-15,1,1,1836398917197012.5,292271965160508.75,9.68307271422643e-20,9.68307271422643e-20,24,8.714765442803787e-15,8.069227261855358e-22,0.0093959604778031,0.0031319868259343663,14026.842034762534,12767.781845739062,1.936614542845286e-19,0.9102392266268373,9.801948423967435e-57,8.168290353306196e-59,5.272859085e-35,4.3940492375e-37,6.673534054403202e-30
135,2.6414434362402496e-07,1.6342986943522214e+28,8.810906898265765e-16,2.768028038305536e-15,1,1,1134956947731258.2,180634008427919.66,5.984468052928635e-20,5.984468052928635e-20,24,5.386021247635772e-15,4.987056710773862e-22,0.0013708521589071497,0.00045695071963571654,8669.065132308986,7890.923141610612,1.196893610585727e-19,0.9102392266268373,3.744011141982099e-57,3.1200092849850824e-59,5.272859085e-35,4.3940492375e-37,6.673534054403201e-30
136,4.273945259197038e-07,2.644350835231469e+28,1.4256346833104915e-15,4.478763447791051e-15,1,1,701441969465755.8,111637956732589.34,3.6986046612978025e-20,3.6986046612978025e-20,24,3.3287441951680224e-15,3.0821705510815023e-22,0.00020000463454692848,6.666821151564283e-05,5357.776902453559,4876.85870412846,7.397209322595605e-20,0.9102392266268373,1.4300850019788548e-57,1.1917375016490457e-59,5.272859085e-35,4.3940492375000005e-37,6.673534054403202e-30
137,6.915388695437283e-07,4.278649529583687e+28,2.3067253731370663e-15,7.246791486096583e-15,1,1,433514978265503.2,68996051695330.41,2.285863391630836e-20,2.285863391630836e-20,24,2.057277052467752e-15,1.904886159692363e-22,2.9180282921347335e-05,9.726760973782445e-06,3311.2882298554314,3014.0644374821572,4.571726783261672e-20,0.9102392266268373,5.462438639544625e-58,4.5520321996205204e-60,5.272859085e-35,4.3940492375e-37,6.6735340544032e-30
138,1.1189333954634311e-06,6.923000364815151e+28,3.732360056447555e-15,1.1725554933887621e-14,1,1,267926991200253.06,42641905037259.02,1.4127412696669695e-20,1.4127412696669695e-20,24,1.2714671427002725e-15,1.177284391389141e-22,4.257345902502498e-06,1.419115300834166e-06,2046.4886725981323,1862.7942666463068,2.825482539333939e-20,0.9102392266268373,2.0864658988453136e-58,1.7387215823710946e-60,5.272859085e-35,4.3940492375e-37,6.6735340544032e-30
139,1.810472265007158e-06,1.1201649894398829e+29,6.039085429584616e-15,1.897234641998419e-14,1,1,165587987065250.47,26354146658071.44,8.731221219638683e-21,8.731221219638683e-21,24,7.858099097674814e-16,7.276017683032236e-23,6.21138396170078e-07,2.0704613205669267e-07,1264.7995572573018,1151.2701708358527,1.7462442439277367e-20,0.9102392266268373,7.969590569913108e-59,6.64132547492759e-61,5.272859085e-35,4.3940492375e-37,6.673534054403201e-30
140,2.929405660470587e-06,1.8124650259213965e+29,9.771445486032163e-15,3.069790135387179e-14,1,1,102339004135002.8,16287758379187.611,5.39619147703102e-21,5.39619147703102e-21,24,4.856572329327919e-16,4.4968262308591835e-23,9.062287068803905e-08,3.020762356267968e-08,781.6891153408317,711.5240958104553,1.079238295406204e-20,0.9102392266268373,3.044112721286165e-59,2.5367606010718044e-61,5.272859085e-35,4.3940492375e-37,6.673534054403201e-30
141,4.739877925477809e-06,2.9326300153613194e+29,1.5810530915616994e-14,4.9670247773856655e-14,1,1,63248982930246.89,10066388278883.703,3.3350297426076222e-21,3.3350297426076222e-21,24,3.0015267683468597e-16,2.779191452173019e-23,1.3221698646193268e-08,4.407232882064423e-09,483.1104419164642,439.746075025392,6.6700594852152444e-21,0.9102392266268373,1.1627475939453476e-59,9.689563282877896e-62,5.272859085e-35,4.3940492375000005e-37,6.673534054403201e-30
142,7.669283585948433e-06,4.7450950412827384e+29,2.558197640164928e-14,8.036814912772882e-14,1,1,39090021204754.516,6221370100303.6875,2.0611617344233247e-21,2.061161734423325e-21,24,1.8550455609809924e-16,1.717634778686104e-23,1.9290198353188093e-09,6.430066117729365e-10,298.5786734243569,271.7780207850536,4.1223234688466495e-21,0.9102392266268373,4.441300605499618e-60,3.701083837916348e-62,5.272859084999999e-35,4.3940492375e-37,6.6735340544032e-30
143,1.2409161511426233e-05,7.677725056644052e+29,4.139250731726625e-14,1.3003839690158537e-13,1,1,24158961725492.418,3845018178580.0234,1.2738680081842997e-21,1.2738680081842997e-21,24,1.1464812073658696e-16,1.0615566734869164e-23,2.814402010383722e-10,9.381340034612407e-11,184.53176849210763,167.96805424033863,2.5477360163685994e-21,0.9102392266268373,1.6964258770453676e-60,1.4136882308711398e-62,5.272859085e-35,4.3940492375e-37,6.673534054403202e-30
144,2.0078445097374647e-05,1.2422820097926779e+30,6.697448371891546e-14,2.1040654602931403e-13,1,1,14931059479262.13,2376351921723.669,7.872937262390269e-22,7.872937262390269e-22,24,7.085643536151243e-17,6.560781051991891e-24,4.106157194979211e-11,1.3687190649930703e-11,114.04690493224953,103.80996654471525,1.5745874524780539e-21,0.9102392266268373,6.479770256364814e-61,5.399808546970678e-63,5.272859085e-35,4.3940492375e-37,6.673534054403201e-30
145,3.248760660880086e-05,2.0100545154570817e+30,1.0836699103618163e-13,3.404449429308992e-13,1,1,9227902246230.307,1468666256856.3577,4.865742819452738e-22,4.865742819452738e-22,24,4.379168537507464e-17,4.054785682877281e-24,5.990802610171785e-12,1.996934203390595e-12,70.48486355985827,64.15808769562354,9.731485638905476e-22,0.9102392266268373,2.4750519986407413e-61,2.0625433322006178e-63,5.272859085e-35,4.3940492375e-37,6.6735340544032e-30
146,5.256605170617547e-05,3.2523365252497574e+30,1.75341474755097e-13,5.508514889602129e-13,1,1,5703157233031.834,907685664867.3129,3.007194442937537e-22,3.0071944429375364e-22,24,2.7064749986437827e-17,2.5059953691146138e-24,8.740463214103229e-13,2.9134877380344095e-13,43.56204137239134,39.65187884909179,6.014388885875074e-22,0.9102392266268373,9.453857395574055e-62,7.878214496311713e-64,5.272859085000001e-35,4.3940492375e-37,6.673534054403202e-30
147,8.505365831497626e-05,5.262391040706835e+30,2.837084657912784e-13,8.912964318911113e-13,1,1,3524745013198.48,560980591989.046,1.858548376515205e-22,1.858548376515205e-22,24,1.6726935388636845e-17,1.5487903137626706e-24,1.2752163970046265e-13,4.250721323348755e-14,26.922822187466977,24.5062088465318,3.71709675303041e-22,0.9102392266268373,3.6110522003147338e-62,3.009210166928945e-64,5.272859085e-35,4.3940492375e-37,6.673534054403201e-30
148,0.00013761971002115164,8.514727565956587e+30,4.59049940546375e-13,1.4421479208513232e-12,1,1,2178412219833.3582,346705072878.2675,1.148646066422334e-22,1.148646066422334e-22,24,1.0337814597801005e-17,9.57205055351945e-25,1.86051564929137e-14,6.201718830971233e-15,16.639219184924393,15.145670002560012,2.297292132844668e-22,0.9102392266268373,1.3792992053701355e-62,1.1494160044751129e-64,5.272859085e-35,4.3940492375e-37,6.673534054403201e-30
149,0.00022267336833612774,1.3777118606663411e+31,7.427584063376529e-13,2.3334443527424328e-12,1,1,1346332793365.124,214275519110.7788,7.099023100928722e-23,7.099023100928722e-23,24,6.38912079083585e-18,5.915852584107268e-25,2.71445574993303e-15,9.0481858331101e-16,10.283603002542604,9.360538843971801,1.4198046201857443e-22,0.9102392266268373,5.268454157956709e-63,4.390378464963924e-65,5.272859085e-35,4.3940492375e-37,6.673534054403201e-30
150,0.0003602930783572791,2.229184617261998e+31,1.201808346884027e-12,3.775592273593752e-12,1,1,832079426468.2361,132429553767.48903,4.387437563294628e-23,4.3874375632946275e-23,24,3.948693806965165e-18,3.65619796941219e-25,3.96033756617468e-16,1.3201125220582267e-16,6.355616182381804,5.785131158588226,8.774875126589256e-23,0.9102392266268373,2.0123704201687583e-63,1.676975350140632e-65,5.272859085000001e-35,4.3940492375e-37,6.673534054403201e-30
151,0.0005829664466934064,3.6068964779283366e+31,1.9445667532216785e-12,6.109036626336181e-12,1,1,514253366896.889,81845965343.28995,2.7115855376340994e-23,2.7115855376340994e-23,24,2.4404269838706892e-18,2.259654614695083e-25,5.778054638923969e-17,1.9260182129746564e-17,3.9279868201608075,3.575407685383583,5.423171075268199e-23,0.9102392266268373,7.686571025495594e-64,6.405475854579662e-66,5.272859085e-35,4.3940492375000005e-37,6.673534054403202e-30
152,0.0009432595250506848,5.836081095190331e+31,3.146375100105703e-12,9.884628899929928e-12,1,1,317826059571.3476,50583588424.199165,1.6758520256605313e-23,1.6758520256605313e-23,24,1.5082668230944782e-18,1.3965433547171095e-25,8.430068107208976e-18,2.810022702402992e-18,2.427629362221001,2.209723473204646,3.3517040513210626e-23,0.9102392266268373,2.9360088747991863e-64,2.4466740623326554e-66,5.272859085e-35,4.3940492375e-37,6.6735340544032e-30
153,0.0015262259717440901,9.44297757311866e+31,5.090941853327378e-12,1.5993665526266097e-11,1,1,196427307325.54175,31262376919.090836,1.0357335119735698e-23,1.0357335119735698e-23,24,9.321601607762129e-19,8.631112599779749e-26,1.2299303612230355e-18,4.0997678707434515e-19,1.5003574579398091,1.3656842121789394,2.0714670239471397e-23,0.9102392266268373,1.1214555989019556e-64,9.345463324182963e-67,5.272859085e-35,4.3940492375e-37,6.6735340544032e-30
154,0.0024694854967947733,1.5279058668308982e+32,8.237316953433075e-12,2.5878294426196008e-11,1,1,121398752245.80608,19321211505.108368,6.4011851368696274e-24,6.401185136869627e-24,24,5.761066623182664e-19,5.334320947391356e-26,1.7944442135225648e-19,5.981480711741883e-20,0.9272719042811934,0.8440392610257081,1.2802370273739255e-23,0.9102392266268373,4.283579219066781e-65,3.5696493492223174e-67,5.272859085000001e-35,4.3940492375000005e-37,6.673534054403201e-30
155,0.00399571146853886,2.4722036241427623e+32,1.3328258806760444e-11,4.187195995246207e-11,1,1,75028555079.73582,11941165413.98249,3.95614998286608e-24,3.956149982866079e-24,24,3.5605349845794713e-19,3.296791652388399e-26,2.61805882427574e-20,8.7268627475858e-21,0.573085553658617,0.5216449511532324,7.91229996573216e-24,0.9102392266268373,1.636181668180781e-65,1.3634847234839841e-67,5.272859085000001e-35,4.3940492375e-37,6.673534054403201e-30
156,0.0064651969653336284,4.000109490973657e+32,2.1565575760193502e-11,6.775025437865802e-11,1,1,46370197166.07034,7380046091.125892,2.4450351540035525e-24,2.4450351540035525e-24,24,2.2005316386031977e-19,2.0375292950029603e-26,3.81969634704494e-21,1.2732321156816466e-21,0.3541863506225771,0.3223943098724764,4.890070308007105e-24,0.9102392266268373,6.249657854755567e-66,5.208048212296306e-68,5.272859085e-35,4.3940492375e-37,6.6735340544032e-30
157,0.010460908433872481,6.472313115116414e+32,3.489383456695392e-11,1.0962221433112e-10,1,1,28658357913.66554,4561119322.856607,1.5111148288625298e-24,1.5111148288625298e-24,24,1.3600033459762765e-19,1.2592623573854415e-26,5.572861865571205e-22,1.8576206218570683e-22,0.21889920303604024,0.1992506412807563,3.0222296577250596e-24,0.9102392266268373,2.387156882458875e-66,1.9892974020490628e-68,5.272859085e-35,4.3940492375e-37,6.6735340544032e-30
158,0.0169261053992061,1.0472422606090065e+33,5.6459410327147386e-11,1.7737246870977792e-10,1,1,17711839252.404835,2818926768.2692895,9.339203251410243e-25,9.339203251410243e-25,24,8.405282926269219e-20,7.782669376175202e-27,8.130695885489548e-23,2.7102319618298497e-23,0.1352871475865371,0.12314366859172032,1.8678406502820486e-24,0.9102392266268373,9.118127926210535e-67,7.59843993850878e-69,5.272859085e-35,4.394049237499999e-37,6.673534054403198e-30
159,0.02738701383307856,1.6944735721206466e+33,9.135324489410124e-11,2.8699468304089773e-10,1,1,10946518661.260723,1742192554.5873208,5.771945037215064e-25,5.771945037215063e-25,24,5.1947505334935563e-20,4.8099541976792196e-27,1.1862525427147085e-23,3.954175142382361e-24,0.0836120554495033,0.07610697268903611,1.1543890074430128e-24,0.9102392266268373,3.4828149540428355e-67,2.9023457950356963e-69,5.272859085e-35,4.3940492375e-37,6.673534054403201e-30
160,0.04431311923228462,2.741715832729651e+33,1.478126552212485e-10,4.6436715175067523e-10,1,1,6765320591.144128,1076734213.6819713,3.5672582141951883e-25,3.5672582141951883e-25,24,3.210532392775669e-20,2.9727151784959903e-27,1.730719135133885e-24,5.769063783779616e-25,0.05167509213703393,0.047036695902684326,7.134516428390377e-25,0.9102392266268373,1.3303169359179617e-67,1.1085974465983015e-69,5.272859085e-35,4.3940492375e-37,6.673534054403201e-30
161,0.07170013306536313,4.4361894048502945e+33,2.3916590011534956e-10,7.513618347915725e-10,1,1,4181198070.1166034,665458340.9053507,2.20468682301988e-25,2.20468682301988e-25,24,1.984218140717892e-20,1.8372390191832332e-27,2.5250851879008074e-25,8.416950626336025e-26,0.031936963312469424,0.029070276786351844,4.40937364603976e-25,0.9102392266268373,5.08135853711046e-68,4.23446544759205e-70,5.272859085e-35,4.3940492375e-37,6.673534054403201e-30
162,0.11601325229764768,7.177905237579941e+33,3.8697855533659785e-10,1.215728986542247e-09,1,1,2584122521.0275283,411275872.7766214,1.3625713911753106e-25,1.3625713911753104e-25,24,1.2263142520577795e-20,1.1354761593127587e-27,3.6840496396677426e-26,1.2280165465559142e-26,0.019738128824564542,0.017966419116332514,2.7251427823506213e-25,0.9102392266268373,1.9409062521517534e-68,1.617421876793128e-70,5.272859085000001e-35,4.3940492375e-37,6.673534054403201e-30
163,0.1877133853630107,1.1614094642430227e+34,6.261444554519469e-10,1.967090821333818e-09,1,1,1597075549.089078,254182468.1287297,8.421154318445708e-26,8.421154318445708e-26,24,7.579038886601137e-21,7.017628598704757e-28,5.3749559866608294e-27,1.79165199555361e-27,0.012198834487904903,0.011103857670019349,1.6842308636891416e-25,0.9102392266268373,7.413602193447969e-69,6.178001827873308e-71,5.272859085e-35,4.3940492375e-37,6.673534054403202e-30
164,0.3037266376606581,1.8791999880010152e+34,1.013123010788544e-09,3.182819807876062e-09,1,1,987046971.9384521,157093404.64789197,5.204559593307407e-26,5.204559593307406e-26,24,4.684103633976666e-21,4.3371329944228385e-28,7.841955099483038e-28,2.613985033161013e-28,0.0075392943366596535,0.006862561446313178,1.0409119186614815e-25,0.9102392266268373,2.831744058826355e-69,2.3597867156886294e-71,5.272859085000001e-35,4.3940492375e-37,6.673534054403201e-30
165,0.4914400230236684,3.0406094522440356e+34,1.6392674662404897e-09,5.149910629209877e-09,1,1,610028577.1506274,97089063.48083799,3.216594725138309e-26,3.2165947251383086e-26,24,2.8949352526244776e-21,2.680495604281924e-28,1.1441258297728372e-28,3.813752765909457e-29,0.0046595401512452604,0.004241296223706182,6.433189450276618e-26,0.9102392266268373,1.0816299830310869e-69,9.013583191925725e-72,5.272859085000001e-35,4.3940492375e-37,6.673534054403201e-30
166,0.795166660684326,4.9198094402450475e+34,2.6523904770290318e-09,8.332730437085932e-09,1,1,377018394.7878254,60004341.16705409,1.9879648681691017e-26,1.9879648681691017e-26,24,1.7891683813521915e-21,1.6566373901409182e-28,1.6692570892680542e-29,5.5641902975601805e-30,0.002879754185414398,0.0026212652226069995,3.9759297363382034e-26,0.9102392266268373,4.131458902669036e-70,3.4428824188908635e-72,5.272859085e-35,4.3940492375000005e-37,6.673534054403201e-30
167,1.2866066837080117,7.96041889248919e+34,4.291657943269579e-09,1.348264106629599e-08,1,1,233010182.3627991,37084722.313783444,1.228629856969192e-26,1.228629856969192e-26,24,1.105766871272273e-21,1.0238582141409933e-28,2.4354132714797054e-30,8.118044238265685e-31,0.0017797859658308403,0.0016200310010991627,2.457259713938384e-26,0.9102392266268373,1.578076877696185e-70,1.3150640647468208e-72,5.272859085e-35,4.3940492375e-37,6.6735340544032e-30
168,2.081773344392347,1.2880228332734297e+35,6.944048420298643e-09,2.1815371503382025e-08,1,1,144008212.42502123,22919618.85326983,7.593350111998831e-27,7.59335011199883e-27,24,6.834015100798947e-22,6.327791759999025e-29,3.553220076783132e-31,1.184406692261044e-31,0.0010999682195835191,0.0010012342215078016,1.5186700223997662e-26,0.9102392266268373,6.027717304196326e-71,5.023097753496938e-73,5.272859085000001e-35,4.3940492375e-37,6.6735340544032e-30
169,3.3683800281003564,2.0840647225223472e+35,1.1235706363568214e-08,3.529801256967799e-08,1,1,89001969.93777809,14165103.460513651,4.6929484576931005e-27,4.6929484576931e-27,24,4.22365361192379e-22,3.9107903814109164e-29,5.184078226848048e-32,1.728026075616016e-32,0.0006798177462473228,0.0006187967795913626,9.385896915386201e-27,0.9102392266268373,2.30238313562711e-71,1.9186526130225916e-73,5.272859085000001e-35,4.3940492375e-37,6.6735340544032e-30
170,5.4501533724927,3.372087555795775e+35,1.8179754783866844e-08,5.711338407305997e-08,1,1,55006242.48724324,8754515.392756194,2.9004016543057354e-27,2.900401654305735e-27,24,2.610361488875161e-22,2.417001378588113e-29,7.563468201049536e-33,2.521156067016512e-33,0.000420150473336197,0.0003824374419164396,5.800803308611471e-27,0.9102392266268373,8.794321026849978e-72,7.328600855708314e-74,5.272859085e-35,4.3940492375000005e-37,6.673534054403201e-30
171,8.818533400593049,5.4561522783181175e+35,2.941546114743503e-08,9.241139664273789e-08,1,1,33995727.4505349,5410588.067757467,1.7925468033873684e-27,1.7925468033873684e-27,24,1.6132921230486315e-22,1.493789002822807e-29,1.103495138866166e-33,3.678317129553887e-34,0.0002596672729111263,0.00023635933767492354,3.585093606774737e-27,0.9102392266268373,3.35913172427882e-72,2.7992764368990165e-74,5.272859085e-35,4.3940492375000005e-37,6.673534054403202e-30
172,14.268686773085738,8.828239834113886e+35,4.759521593130184e-08,1.4952478071579775e-07,1,1,21010515.03670839,3343927.324998735,1.1078548509183693e-27,1.1078548509183693e-27,24,9.970693658265324e-23,9.232123757653077e-30,1.609977710136052e-34,5.366592367120173e-35,0.000160483200425071,0.00014607810424151636,2.2157097018367386e-27,0.9102392266268373,1.2830741459864699e-72,1.0692284549887248e-74,5.272859085e-35,4.3940492375e-37,6.673534054403201e-30
173,23.087220173678773,1.4284392112431993e+36,7.701067707873683e-08,2.419361773585355e-07,1,1,12985212.413826535,2066660.742758735,6.846919524690002e-28,6.846919524690002e-28,24,6.162227572221002e-23,5.705766270575001e-30,2.348925822906857e-35,7.829752743022857e-36,9.918407248605549e-05,9.028123343340733e-05,1.3693839049380004e-27,0.9102392266268373,4.900907136805874e-73,4.0840892806715614e-75,5.272859085e-35,4.3940492375e-37,6.6735340544032e-30
174,37.355906946764485,2.311263194654586e+36,1.246058930100386e-07,3.91460958074333e-07,1,1,8025302.622881868,1277266.5822400022,4.231628984493698e-28,4.231628984493698e-28,24,3.8084660860443285e-23,3.526357487078082e-30,3.427036589874529e-36,1.1423455299581763e-36,6.129912793901561e-05,5.5796870808109126e-05,8.463257968987397e-28,0.9102392266268373,1.871979950552915e-73,1.5599832921274292e-75,5.272859085e-35,4.3940492375e-37,6.673534054403201e-30
175,60.44312712044321,3.7397024058977825e+36,2.0161657008877525e-07,6.333971354328679e-07,1,1,4959909.790944677,789394.1605187346,2.615290540196309e-28,2.615290540196309e-28,24,2.3537614861766784e-23,2.1794087834969243e-30,4.9999790005308136e-37,1.6666596668436045e-37,3.788494454703997e-05,3.4484362625298276e-05,5.230581080392618e-28,0.9102392266268373,7.150327148528671e-74,5.958605957107226e-76,5.272859085e-35,4.3940492375000005e-37,6.673534054403202e-30
176,97.79903406720763,6.050965600552365e+36,3.262224630988136e-07,1.0248580935072002e-06,1,1,3065392.831937197,487872.4217212685,1.6163384442973928e-28,1.6163384442973926e-28,24,1.4547045998676534e-23,1.3469487035811605e-30,7.294871049703143e-38,2.431623683234381e-38,2.3414183391975698e-05,2.1312508182810898e-05,3.2326768885947856e-28,0.9102392266268373,2.7311819400568368e-74,2.275984950047364e-76,5.272859085e-35,4.3940492375e-37,6.673534054403201e-30
177,158.2421611876507,9.79066800645014e+36,5.278390331875884e-07,1.6582552289400667e-06,1,1,1894516.9590074832,301521.7387974666,9.989520958989181e-29,9.98952095898918e-29,24,8.990568863090262e-24,8.32460079915765e-31,1.064307342613791e-38,3.54769114204597e-39,1.4470761155064293e-05,1.31718544424874e-05,1.9979041917978362e-28,0.9102392266268373,1.043218671641835e-74,8.693488930348625e-77,5.272859085000001e-35,4.3940492375e-37,6.673534054403201e-30
178,256.04119525485817,1.5841633607002493e+37,8.540614962864014e-07,2.683113322447265e-06,1,1,1170875.8729297162,186350.68292380226,6.17386348398476e-29,6.17386348398476e-29,24,5.556477135586284e-24,5.144886236653967e-31,1.5528034859337573e-39,5.176011619779191e-40,8.943422236911422e-06,8.140653740323513e-06,1.234772696796952e-28,0.9102392266268373,3.9847407486866524e-75,3.3206172905722103e-77,5.272859085e-35,4.3940492375000005e-37,6.673534054403202e-30
179,414.28335644250853,2.563230161345261e+37,1.3819005294739888e-06,4.341368551387328e-06,1,1,723641.0860777681,115171.05587366452,3.8156574750044267e-29,3.815657475004426e-29,24,3.434091727503984e-24,3.1797145625036885e-31,2.2655097539837133e-40,7.551699179945711e-41,5.527338918152878e-06,5.031200702163895e-06,7.631314950008853e-29,0.9102392266268373,1.5220355296416006e-75,1.2683629413680004e-77,5.272859085e-35,4.3940492375e-37,6.6735340544032e-30
180,670.3245516973662,4.147393522045508e+37,2.2359620257603887e-06,7.024481873834588e-06,1,1,447234.78685194923,71179.62705013792,2.3582060089803392e-29,2.358206008980339e-29,24,2.122385408082305e-24,1.9651716741502822e-31,3.305334185483853e-41,1.1017780618279511e-41,3.4160833187585536e-06,3.109453038159625e-06,4.7164120179606784e-29,0.9102392266268373,5.813658402381439e-76,4.844715335317865e-78,5.272859085000001e-35,4.3940492375e-37,6.673534054403201e-30
181,1084.607908139874,6.710623683390764e+37,3.617862555234375e-06,1.1365850425221909e-05,1,1,276406.2992258193,43991.428823526665,1.4574514660240898e-29,1.4574514660240898e-29,24,1.3117063194216809e-24,1.2145428883534082e-31,4.822417585497955e-42,1.6074725284993182e-42,2.1112555993943277e-06,1.9217476640042727e-06,2.9149029320481795e-29,0.9102392266268373,2.220619910728299e-76,1.8505165922735824e-78,5.272859085e-35,4.3940492375e-37,6.673534054403201e-30
182,1754.932459837239,1.0858017205436264e+38,5.853824580994759e-06,1.8390332299056488e-05,1,1,170828.48762613017,27188.198226611294,9.007545429562505e-30,9.007545429562505e-30,24,8.106790886606255e-25,7.506287857968755e-32,7.035812436470969e-43,2.3452708121569897e-43,1.3048277193642272e-06,1.187705374155354e-06,1.801509085912501e-29,0.9102392266268373,8.482013298034536e-77,7.06834441502878e-79,5.272859085e-35,4.3940492375e-37,6.6735340544032e-30
183,2839.540367977111,1.7568640888827016e+38,9.471687136229128e-06,2.9756182724278373e-05,1,1,105577.81159968935,16803.230596915408,5.5669692306784036e-30,5.5669692306784036e-30,24,5.010272307610563e-25,4.6391410255653363e-32,1.026511200317133e-43,3.42170400105711e-44,8.064278800301022e-07,7.340422898489202e-07,1.1133938461356807e-29,0.9102392266268373,3.2398407868206047e-77,2.699867322350504e-79,5.272859085e-35,4.3940492375000005e-37,6.673534054403202e-30
184,4594.472827814347,2.842665809426326e+38,1.5325511717223875e-05,4.814651502333482e-05,1,1,65250.67602644096,10384.967629695911,3.4405761988841095e-30,3.440576198884109e-30,24,3.096518578995698e-25,2.867146832403424e-32,1.4976596574894622e-44,4.992198858298207e-45,4.983998393341261e-07,4.536630843064349e-07,6.881152397768219e-30,0.9102392266268373,1.2375090624272703e-77,1.0312575520227252e-79,5.272859085000001e-35,4.3940492375e-37,6.6735340544032e-30
185,7434.013195791452,4.599529898309024e+38,2.4797198853452984e-05,7.790269774761313e-05,1,1,40327.13557324847,6418.262967219509,2.126393031794299e-30,2.1263930317942986e-30,24,1.913753728614869e-25,1.7719941931619157e-32,2.1850559925488395e-45,7.283519975162799e-46,3.0802804069597687e-07,2.8037920554248596e-07,4.252786063588598e-30,0.9102392266268373,4.726864004612023e-78,3.939053337176686e-80,5.272859085000001e-35,4.3940492375000005e-37,6.673534054403201e-30
186,12028.486023605788,7.442195707735344e+38,4.012271057067683e-05,0.00012604921277094785,1,1,24923.540453192545,3966.704662476411,1.3141831670898133e-30,1.3141831670898131e-30,24,1.1827648503808317e-25,1.095152639241511e-32,3.1879537294722043e-46,1.0626512431574014e-46,1.9037179863814963e-07,1.7328387876394932e-07,2.6283663341796266e-30,0.9102392266268373,1.8055013895633554e-78,1.5045844913027962e-80,5.272859085e-35,4.3940492375e-37,6.673534054403201e-30
187,19462.499219397225,1.2041725606044357e+39,6.491990942412976e-05,0.00020395191051856082,1,1,15403.59512005596,2451.558304743103,8.122098647044872e-31,8.122098647044872e-31,24,7.309888782340385e-26,6.76841553920406e-33,4.651161808169807e-47,1.5503872693899357e-47,1.1765624205782746e-07,1.0709532677853685e-07,1.6244197294089745e-30,0.9102392266268373,6.896401640780378e-79,5.747001367316982e-81,5.272859085e-35,4.3940492375e-37,6.673534054403201e-30
188,31490.985243002993,1.948392131377969e+39,0.00010504261999480651,0.0003300011232895085,1,1,9519.945333136604,1515.1463577333109,5.0197330238532695e-31,5.019733023853269e-31,24,4.5177597214679415e-26,4.1831108532110576e-33,6.785953624665379e-48,2.2619845415551264e-48,7.271555658032229e-08,6.618855198541258e-08,1.0039466047706539e-30,0.9102392266268373,2.634191026707564e-79,2.19515918892297e-81,5.272859085000001e-35,4.3940492375e-37,6.673534054403201e-30
189,50953.484462400185,3.152564691982403e+39,0.00016996252941893616,0.000533953033808069,1,1,5883.6497869193645,936.4119470097936,3.1023656231916085e-31,3.1023656231916085e-31,24,2.792129060872448e-26,2.585304685993007e-33,9.90057290959507e-49,3.3001909698650233e-49,4.494068547750526e-08,4.0906774793124334e-08,6.204731246383217e-31,0.9102392266268373,1.0061714393423083e-79,8.384761994519236e-82,5.272859085e-35,4.3940492375e-37,6.673534054403202e-30
190,82444.46970540311,5.1009568233603675e+39,0.0002750051494137425,0.0008639541570975767,1,1,3636.295546217246,578.7344107235183,1.9173674006616643e-31,1.9173674006616643e-31,24,1.725630660595498e-26,1.5978061672180534e-33,1.4444741205115637e-49,4.814913735038546e-50,2.777487110281707e-08,2.52817771922883e-08,3.8347348013233285e-31,0.9102392266268373,3.843232913193591e-80,3.2026940943279926e-82,5.272859085e-35,4.3940492375e-37,6.673534054403201e-30
191,133397.9541678032,8.253521515342764e+39,0.00044496767883267827,0.0013979071909056447,1,1,2247.354240702123,357.6775362862761,1.1849982225299467e-31,1.1849982225299467e-31,24,1.066498400276952e-26,9.874985187749556e-34,2.107459339858538e-50,7.024864466195127e-51,1.716581437468823e-08,1.5624997600836063e-08,2.3699964450598934e-31,0.9102392266268373,1.467984346157679e-80,1.2233202884647325e-82,5.272859085e-35,4.3940492375e-37,6.673534054403201e-30
192,215842.4238732092,1.335447833870331e+40,0.0007199728282464304,0.0022618613480032516,1,1,1388.9413055151058,221.0568744372395,7.323691781317086e-32,7.323691781317086e-32,24,6.591322603185377e-27,6.103076484430905e-34,3.074741738940819e-51,1.024913912980273e-51,1.0609056728128708e-08,9.65677959145212e-09,1.4647383562634172e-31,0.9102392266268373,5.607201252794271e-81,4.6726677106618926e-83,5.272859085e-35,4.3940492375000005e-37,6.673534054403201e-30
193,349240.3780410141,2.1607999854046178e+40,0.0011649405070791143,0.0036597685389089135,1,1,858.4129351869874,136.62066184903182,4.5262904439822224e-32,4.5262904439822224e-32,24,4.073661399584e-27,3.7719087033185188e-34,4.485987740014918e-52,1.4953292466716393e-52,6.556757646559295e-09,5.968218009383735e-09,9.052580887964445e-32,0.9102392266268373,2.1417602968064216e-81,1.7848002473386846e-83,5.272859085e-35,4.3940492375e-37,6.673534054403201e-30
194,565082.8019142229,3.4962478192749467e+40,0.0018849133353255434,0.005921629886912161,1,1,530.5283703281191,84.43621258820777,2.797401337334867e-32,2.797401337334867e-32,24,2.5176612036013803e-27,2.331167781112389e-34,6.544967906961992e-53,2.1816559689873308e-53,4.052299081569417e-09,3.688561582068389e-09,5.594802674669734e-32,0.9102392266268373,8.180796376249911e-82,6.817330313541592e-84,5.272859085e-35,4.3940492375e-37,6.6735340544032e-30
195,914323.1799552363,5.65704780467956e+40,0.0030498538424046555,0.009581398425821069,1,1,327.884564858869,52.18444926082416,1.7288891066473593e-32,1.728889106647359e-32,24,1.5560001959826232e-27,1.4407409222061326e-34,9.548979485846745e-54,3.182993161948915e-54,2.504458564989884e-09,2.2796564273153506e-09,3.4577782132947185e-32,0.9102392266268373,3.124786160685496e-82,2.6039884672379137e-84,5.272859085000001e-35,4.3940492375000005e-37,6.673534054403201e-30
196,1479405.981869458,9.1532956239545e+40,0.004934767177730195,0.015503028312733218,1,1,202.6438054692505,32.25176332738368,1.0685122306875102e-32,1.0685122306875102e-32,24,9.616610076187591e-28,8.904268589062586e-35,1.3931773313071417e-54,4.643924437690472e-55,1.5478405165795364e-09,1.4089051547530416e-09,2.1370244613750204e-32,0.9102392266268373,1.1935621058065707e-82,9.946350881721422e-85,5.272859085e-35,4.3940492375000005e-37,6.673534054403202e-30
197,2393729.1618246925,1.481034342863405e+41,0.007984621020134844,0.025084426738554266,1,1,125.24075938961872,19.932685933440524,6.603768759598502e-33,6.6037687595985e-33,24,5.943391883638652e-28,5.503140632998752e-35,2.032618333032242e-55,6.775394443440807e-56,9.566180484103493e-10,8.707512725623106e-10,1.3207537519197003e-32,0.9102392266268373,4.559001567342122e-83,3.799167972785102e-85,5.272859085000001e-35,4.3940492375000005e-37,6.673534054403202e-30
198,3873135.143694148,2.396363905258853e+41,0.01291938819786503,0.040587455051287455,1,1,77.40304607963193,12.319077393943173,4.0813535472766085e-33,4.0813535472766085e-33,24,3.6732181925489477e-28,3.4011279560638405e-35,2.9655501815424843e-56,9.885167271808281e-57,5.912224681691883e-10,5.381538821907319e-10,8.162707094553217e-33,0.9102392266268373,1.7413836439606494e-83,1.4511530366338745e-85,5.272859085e-35,4.3940492375e-37,6.6735340544032e-30
199,6266864.305518836,3.877398248122255e+41,0.02090400921799986,0.06567188178984168,1,1,47.83771330998687,7.613608539497364,2.5224152123218966e-33,2.5224152123218966e-33,24,2.270173691089707e-28,2.1020126769349137e-35,4.326679404749405e-57,1.4422264682498015e-57,3.653955802411614e-10,3.325973903715793e-10,5.044830424643793e-33,0.9102392266268373,6.651493645398233e-84,5.5429113711651946e-86,5.272859085e-35,4.3940492375e-37,6.6735340544032e-30
200,10139999.449212976,6.273762153381103e+41,0.03382339741586486,0.10625933684112905,1,1,29.565332769645135,4.70546885444582,1.5589383349547157e-33,1.5589383349547157e-33,24,1.4030445014592439e-28,1.2991152791289295e-35,6.3125401782092486e-58,2.1041800594030827e-58,2.258268879280274e-10,2.0555649181915312e-10,3.117876669909431e-33,0.9102392266268373,2.540644496588188e-84,2.1172037471568236e-86,5.272859085000001e-35,4.3940492375e-37,6.6735340544032e-30
201,16406863.754731799,1.0151160401503351e+42,0.05472740663386468,0.17193121863097058,1,1,18.272380540341768,2.90813968505155,9.63476877367183e-34,9.63476877367183e-34,24,8.671291896304647e-29,8.028973978059858e-36,9.209871999705975e-59,3.069957333235325e-59,1.3956869231313432e-10,1.270408985524264e-10,1.926953754734366e-33,0.9102392266268373,9.704398443663224e-85,8.086998703052686e-87,5.272859085e-35,4.3940492375e-37,6.6735340544032e-30
202,26546863.203944754,1.6424922554884442e+42,0.08855080404972948,0.2781905554720994,1,1,11.292952229303388,1.7973291693942735,5.954614575875338e-34,5.954614575875337e-34,24,5.359153118287802e-29,4.962178813229448e-36,1.3437022158491907e-59,4.479007386163969e-60,8.625819561489324e-11,7.851559326672688e-11,1.1909229151750676e-33,0.9102392266268373,3.7067503651077745e-85,3.088958637589812e-87,5.272859085000001e-35,4.3940492375e-37,6.673534054403201e-30
203,42953726.958676524,2.6576082956387774e+42,0.14327821068359406,0.4501217741030697,1,1,6.979428311038394,1.1108105156572787,3.6801541977965e-34,3.6801541977965e-34,24,3.31213877801685e-29,3.066795164830417e-36,1.9604351123833925e-60,6.534783707944641e-61,5.331049669824118e-11,4.852530528569962e-11,7.360308395593e-34,0.9102392266268373,1.4158526516600886e-85,1.1798772097167405e-87,5.272859085e-35,4.3940492375000005e-37,6.673534054403201e-30
204,69500590.16262123,4.3001005511272185e+42,0.23182901473332337,0.7283123295751686,1,1,4.313523918265003,0.6865186537369959,2.274460378078842e-34,2.2744603780788414e-34,24,2.0470143402709573e-29,1.8953836483990344e-36,2.8602362819181622e-61,9.534120939727208e-62,3.294769891665212e-11,2.999028798102731e-11,4.548920756157684e-34,0.9102392266268373,5.408075898724893e-86,4.506729915604078e-88,5.272859085000001e-35,4.3940492375e-37,6.673534054403201e-30
205,112454317.12129767,6.957708846765991e+42,0.37510722541691716,1.1784341036782373,1,1,2.6659043927733963,0.4242918619202837,1.4056938197176611e-34,1.405693819717661e-34,24,1.2651244377458948e-29,1.171411516431384e-36,4.173028495931737e-62,1.3910094986439125e-62,2.036279778158911e-11,1.8535017304672347e-11,2.8113876394353223e-34,0.9102392266268373,2.065701179573777e-86,1.7214176496448143e-88,5.272859085000001e-35,4.3940492375e-37,6.6735340544032e-30
206,181954907.28391877,1.12578093978932e+43,0.6069362401502401,1.9067464332534048,1,1,1.6476195254916093,0.26222679181671266,8.687665583611821e-35,8.687665583611821e-35,24,7.81889902525064e-30,7.239721319676518e-37,6.088366523404781e-63,2.0294555078015938e-63,1.2584901135063033e-11,1.1455270676354983e-11,1.7375331167223642e-34,0.9102392266268373,7.8902763999643365e-87,6.575230333303614e-89,5.272859085e-35,4.3940492375000005e-37,6.673534054403201e-30
207,294409224.4052162,1.8215518244659178e+43,0.9820434655671565,3.08518053693164,1,1,1.0182848672817888,0.1620650701035713,5.3692726135648e-35,5.3692726135648e-35,24,4.8323453522083195e-30,4.474393844637333e-37,8.882807045160036e-64,2.960935681720012e-64,7.777896646526089e-12,7.079746628317379e-12,1.07385452271296e-34,0.9102392266268373,3.01381740415522e-87,2.511514503462683e-89,5.272859085e-35,4.3940492375000005e-37,6.673534054403202e-30
208,476364131.68913466,2.947332764255236e+43,1.5889797057173956,4.991926970185041,1,1,0.6293346582098216,0.10016172171314155,3.318392970047028e-35,3.3183929700470273e-35,24,2.986553673042325e-30,2.7653274750391895e-37,1.2959840820723011e-64,4.3199469402410034e-65,4.807004488536953e-12,4.3755240480376116e-12,6.636785940094056e-35,0.9102392266268373,1.1511758125013165e-87,9.593131770844304e-90,5.272859085000001e-35,4.3940492375e-37,6.673534054403201e-30
209,770773356.0943503,4.76888458872115e+43,2.5710231712845504,8.077107507116676,1,1,0.388950209071968,0.06190334839042986,2.0508796435177757e-35,2.0508796435177757e-35,24,1.8457916791659983e-30,1.7090663695981466e-37,1.8908152934605658e-65,6.302717644868553e-66,2.9708921579891423e-12,2.7042225802797725e-12,4.1017592870355514e-35,0.9102392266268373,4.397100333487273e-88,3.6642502779060606e-90,5.272859085e-35,4.3940492375000005e-37,6.673534054403201e-30
210,1247137487.783484,7.71621735297638e+43,4.160002877001943,13.069034477301706,1,1,0.24038444913785406,0.03825837332271177,1.2675133265292543e-35,1.2675133265292543e-35,24,1.1407619938763287e-30,1.0562611054410452e-37,2.758662335009229e-66,9.19554111669743e-67,1.8361123305478136e-12,1.6713014677578417e-12,2.5350266530585086e-35,0.9102392266268373,1.679542875448643e-88,1.399619062873869e-90,5.272859085000001e-35,4.3940492375e-37,6.673534054403201e-30
211,2017910843.877833,1.2485101941697521e+44,6.731026048286488,21.146141984418367,1,1,0.14856575993411425,0.02364497506771814,7.833663169885233e-36,7.833663169885233e-36,24,7.05029685289671e-31,6.528052641571027e-38,4.0248341045890136e-67,1.3416113681963378e-67,1.1347798274413311e-12,1.0329211125219333e-12,1.5667326339770465e-35,0.9102392266268373,6.415282928586509e-89,5.346069107155424e-91,5.272859085e-35,4.3940492375e-37,6.673534054403201e-30
212,3265048331.6613145,2.0201319294673887e+44,10.891028925288422,34.21517646172005,1,1,0.09181868920373999,0.014613398254993663,4.841470095407318e-36,4.841470095407318e-36,24,4.3573230858665865e-31,4.034558412839432e-38,5.872153820307498e-68,1.9573846067691658e-68,7.013325031064837e-13,6.383803552359096e-13,9.682940190814637e-36,0.9102392266268373,2.450420031273085e-89,2.0420166927275709e-91,5.272859085e-35,4.3940492375e-37,6.673534054403201e-30
213,5282959175.539144,3.2686421236371385e+44,17.622054973574897,55.36131844613838,1,1,0.05674707073037436,0.009031576812724491,2.9921930744779204e-36,2.9921930744779204e-36,24,2.6929737670301286e-31,2.4934942287316e-38,8.567356962622689e-69,2.855785654207563e-69,4.3344732433484834e-13,3.9454075728602426e-13,5.984386148955841e-36,0.9102392266268373,9.359771652327391e-90,7.799809710272826e-92,5.272859085e-35,4.3940492375e-37,6.6735340544032e-30
214,8548007507.200452,5.288774053104523e+44,28.5130838988633,89.57649490785836,1,1,0.03507161847336569,0.005581821442269182,1.8492770209294013e-36,1.8492770209294013e-36,24,1.6643493188364613e-31,1.5410641841078343e-38,1.249960535283728e-69,4.166535117612426e-70,2.6788517877163585e-13,2.4383959794988583e-13,3.6985540418588025e-36,0.9102392266268373,3.5751146442513033e-90,2.979262203542753e-92,5.272859085e-35,4.3940492375e-37,6.673534054403201e-30
215,13830966682.739586,8.557416176741656e+44,46.13513887243816,144.93781335399663,1,1,0.021675452257008707,0.0034497553704553154,1.1429160535485211e-36,1.1429160535485211e-36,24,1.028624448193669e-31,9.524300446237676e-39,1.8236678436338806e-70,6.078892812112935e-71,1.655621455632128e-13,1.5070115933613868e-13,2.2858321070970422e-36,0.9102392266268373,1.3655722804265104e-90,1.1379769003554253e-92,5.272859085e-35,4.3940492375e-37,6.673534054403201e-30
216,22378974189.940018,1.3846190229846166e+45,74.64822277130139,234.51430826185478,1,1,0.013396166216357011,0.002132066071813871,7.063609673808814e-37,7.063609673808814e-37,24,6.357248706427932e-32,5.886341394840678e-39,2.6606955259986166e-71,8.868985086662056e-72,1.023230332084232e-13,9.313843861374731e-14,1.4127219347617628e-36,0.9102392266268373,5.216021970282248e-91,4.346684975235207e-93,5.272859085e-35,4.3940492375e-37,6.6735340544032e-30
217,36209940872.67958,2.2403606406587808e+45,120.78336164373948,379.4521216158512,1,1,0.008279286040651715,0.0013176892986414472,4.365550861676408e-37,4.365550861676407e-37,24,3.928995775508766e-32,3.6379590513970056e-39,3.881902456514601e-72,1.293967485504867e-72,6.323911235478978e-14,5.756272072239151e-14,8.731101723352815e-37,0.9102392266268373,1.9923431065816265e-91,1.6602859221513553e-93,5.272859085000001e-35,4.3940492375e-37,6.673534054403202e-30
218,58588915062.620384,3.6249796636434464e+45,195.43158441504352,613.9664298777142,1,1,0.005116880175705233,0.0008143767731724138,2.6980588121323736e-37,2.6980588121323736e-37,24,2.428252930919136e-32,2.2483823434436447e-39,5.66361935615969e-73,1.8878731187198967e-73,3.908392085363294e-14,3.557571789135537e-14,5.396117624264747e-37,0.9102392266268373,7.610073494626065e-92,6.341727912188388e-94,5.272859085e-35,4.3940492375e-37,6.673534054403202e-30
219,94798855935.3004,5.865340304302254e+45,316.21494605878445,993.4185514935699,1,1,0.0031624058649463702,0.0005033125254690156,1.6674920495439751e-37,1.6674920495439751e-37,24,1.5007428445895776e-32,1.3895767079533124e-39,8.263109279739283e-74,2.7543697599130945e-74,2.4155191501155977e-14,2.1987002831035372e-14,3.3349840990879502e-37,0.9102392266268373,2.9067894180624696e-92,2.422324515052058e-94,5.272859085e-35,4.3940492375e-37,6.673534054403201e-30
220,153387770997.9207,9.490319967945694e+45,511.6465304738276,1607.3849813712832,1,1,0.0019544743107588673,0.0003110642477033989,1.0305667625884006e-37,1.0305667625884006e-37,24,9.275100863295605e-33,8.58805635490334e-40,1.205571396577949e-74,4.018571321926497e-75,1.4928729352476994e-14,1.3588715060320025e-14,2.061133525176801e-37,0.9102392266268373,1.110294759561337e-92,9.252456329677807e-95,5.272859085e-35,4.3940492375000005e-37,6.673534054403202e-30
221,248186626933.2209,1.5355660272247937e+46,827.8614765326114,2600.803532864851,1,1,0.0012079315541875051,0.00019224827776561707,6.369252869555756e-38,6.369252869555756e-38,24,5.732327582600181e-33,5.307710724629796e-40,1.7589049630634492e-75,5.86301654354483e-76,9.226462148678999e-15,8.39828777071536e-15,1.2738505739111511e-37,0.9102392266268373,4.240948606215389e-93,3.534123838512824e-95,5.272859085e-35,4.3940492375e-37,6.6735340544032e-30
222,401574397931.14136,2.4845980240193616e+46,1339.5080070064382,4208.188514236132,1,1,0.0007465427565713637,0.00011881596993778208,3.9364147563282586e-38,3.936414756328258e-38,24,3.542773280695432e-33,3.280345630273549e-40,2.5662077566462886e-76,8.554025855487628e-77,5.702267203798009e-15,5.190427289604677e-15,7.872829512656517e-38,0.9102392266268373,1.6198982230327861e-93,1.349915185860655e-95,5.272859085e-35,4.3940492375000005e-37,6.673534054403202e-30
223,649761024864.3617,4.0201640512441517e+46,2167.369483539048,6808.992047100976,1,1,0.000461388797616142,7.343230782783509e-05,2.4328381132275007e-38,2.4328381132275007e-38,24,2.18955430190475e-33,2.0273650943562503e-40,3.744046658895025e-77,1.2480155529650085e-77,3.5241949448809953e-15,3.2078604811106865e-15,4.865676226455001e-38,0.9102392266268373,6.187460628829676e-94,5.1562171906913965e-96,5.272859085e-35,4.394049237499999e-37,6.6735340544032e-30
224,1051335422795.5022,6.504762075263508e+46,3506.8774905454834,11017.1805613371,1,1,0.00028515395895522237,4.538366210994708e-05,1.5035766431007613e-38,1.5035766431007613e-38,24,1.3532189787906853e-33,1.252980535917301e-40,5.462490458022235e-78,1.8208301526740783e-78,2.1780722589170185e-15,1.9825668084939955e-15,3.0071532862015227e-38,0.9102392266268373,2.3633996561611403e-94,1.969499713467617e-96,5.272859085e-35,4.3940492375e-37,6.673534054403201e-30
225,1701096447659.8625,1.0524926126507652e+47,5674.246974084526,17826.17260843806,1,1,0.00017623483866092,2.804864571788808e-05,9.292614701267413e-39,9.292614701267411e-39,24,8.36335323114067e-34,7.74384558438951e-41,7.96966617205306e-79,2.6565553906843534e-79,1.3461226859639795e-15,1.2252936726166938e-15,1.8585229402534826e-38,0.9102392266268373,9.027383396537418e-95,7.522819497114515e-97,5.272859085000001e-35,4.3940492375e-37,6.673534054403202e-30
226,2752431870455.363,1.7029688201771148e+47,9181.124464630004,28843.35316977514,1,1,0.00010891912029430261,1.7335016392059035e-05,5.7431517297402144e-39,5.743151729740214e-39,24,5.168836556766192e-34,4.785959774783511e-41,1.1627586241489468e-79,3.875862080496489e-80,8.319495729530408e-16,7.572731358773034e-16,1.1486303459480429e-38,0.9102392266268373,3.4481536280008274e-95,2.8734613566673563e-97,5.272859085000001e-35,4.394049237499999e-37,6.6735340544032e-30
227,4453528318115.223,2.7554614328278782e+47,14855.371438714521,46669.525778213174,1,1,6.73157183666175e-05,1.0713629325829061e-05,3.549462971527204e-39,3.5494629715272036e-39,24,3.194516674374483e-34,2.957885809606003e-41,1.696441969895537e-80,5.654806566318456e-81,5.1417311301093965e-16,4.680205367393911e-16,7.098925943054409e-39,0.9102392266268373,1.3170774874650561e-95,1.0975645728875467e-97,5.272859085000001e-35,4.3940492375e-37,6.6735340544032e-30
228,7205960188570.58,4.45843025300499e+47,24036.49590334451,75512.87894798827,1,1,4.1603401927685187e-05,6.621387066229985e-06,2.1936887582130134e-39,2.1936887582130137e-39,24,1.9743198823917122e-34,1.8280739651775112e-41,2.475075477792713e-81,8.250251592642377e-82,3.177764599421016e-16,2.8925259913791273e-16,4.387377516426027e-39,0.9102392266268373,5.030788343943384e-96,4.19232361995282e-98,5.272859085e-35,4.3940492375e-37,6.673534054403201e-30
229,11659488506685.793,7.213891685832862e+47,38891.867342059,122182.40472620132,1,1,2.5712316438932356e-05,4.092242259599084e-06,1.3557742133141932e-39,1.3557742133141932e-39,24,1.2201967919827736e-34,1.1298118444284943e-41,3.611086455935802e-82,1.2036954853119339e-82,1.9639665306883836e-16,1.7876793760147872e-16,2.7115484266283864e-39,0.9102392266268373,1.9215901571795786e-96,1.601325130982982e-98,5.272859085e-35,4.3940492375e-37,6.6735340544032e-30
230,18865448695256.36,1.1672321938837844e+48,62928.36324540346,197695.28367418944,1,1,1.5891085488752864e-05,2.529144806630906e-06,8.379145448988221e-40,8.379145448988221e-40,24,7.541230904089399e-35,6.982621207490184e-42,5.268504136234298e-83,1.7561680454114327e-83,1.2137980687326352e-16,1.1048466153643426e-16,1.6758290897976442e-39,0.9102392266268373,7.339821275953472e-97,6.116517729961226e-99,5.272859085e-35,4.3940492375e-37,6.673534054403201e-30
231,30524937201942.13,1.8886213624670692e+48,101820.23058746237,319877.68840039056,1,1,9.82123095017951e-06,1.5630974529681813e-06,5.178596684153722e-40,5.178596684153722e-40,24,4.66073701573835e-35,4.315497236794768e-42,7.686643942819899e-84,2.5622146476066328e-84,7.501684619557499e-17,6.828327606504458e-17,1.0357193368307443e-39,0.9102392266268373,2.8035622560646083e-97,2.3363018800538403e-99,5.272859085e-35,4.3940492375e-37,6.6735340544032e-30
232,49390385897198.46,3.0558535563508516e+48,164748.59383286574,517572.9720745797,1,1,6.069854538573365e-06,9.660473536627265e-07,3.200548764834505e-40,3.2005487648345047e-40,24,2.8804938883510544e-35,2.667123970695421e-42,1.1214662373961971e-84,3.738220791320657e-85,4.6362960677688605e-17,4.220138547138975e-17,6.40109752966901e-40,0.9102392266268373,1.070865492240345e-97,8.923879102002875e-100,5.272859085e-35,4.3940492375000005e-37,6.673534054403201e-30
233,79915323099140.53,4.944474918817917e+48,266568.8244203279,837450.6604749697,1,1,3.7513764116061515e-06,5.970500993054555e-07,1.9780479193192193e-40,1.9780479193192193e-40,24,1.7802431273872974e-35,1.6483732660993496e-42,1.6361971895347004e-85,5.453990631782335e-86,2.865388551788643e-17,2.608189059365488e-17,3.956095838638439e-40,0.9102392266268373,4.0903422065642555e-98,3.408618505470213e-100,5.272859085e-35,4.3940492375e-37,6.673534054403201e-30
234,129305708996338.89,8.000328475168763e+48,431317.4182531933,1355023.6325495483,1,1,2.3184781269672184e-06,3.6899725435727175e-07,1.222500845515288e-40,1.222500845515288e-40,24,1.1002507609637593e-35,1.0187507045960734e-42,2.3871795278090552e-86,7.957265092696851e-87,1.770907515980221e-17,1.6119494877734897e-17,2.445001691030576e-40,0.9102392266268373,1.562371697289304e-98,1.3019764144077533e-100,5.272859085e-35,4.3940492375e-37,6.6735340544032e-30
235,209221032095479.28,1.294480339398667e+49,697886.2426735208,2192474.293024516,1,1,1.4328982846389358e-06,2.2805284494818427e-07,7.555470738039328e-41,7.555470738039328e-41,24,6.799923664235397e-36,6.2962256150327745e-43,3.4828479931634834e-87,1.1609493310544945e-87,1.0944810358084246e-17,9.962395715920001e-18,1.5110941476078656e-40,0.9102392266268373,5.967728853036526e-99,4.973107377530439e-101,5.272859085e-35,4.3940492375000005e-37,6.673534054403202e-30
236,338526741091817.94,2.094513186915542e+49,1129203.6609267134,3547497.925574062,1,1,8.855798423282841e-07,1.4094440940908771e-07,4.669537717113561e-41,4.669537717113561e-41,24,4.2025839454022044e-36,3.891281430927967e-43,5.081406740537854e-88,1.6938022468459513e-88,6.764264801717975e-18,6.157099161814907e-18,9.339075434227121e-41,0.9102392266268373,2.2794695862165297e-99,1.8995579885137748e-101,5.272859085e-35,4.3940492375000005e-37,6.673534054403201e-30
237,547747773187296.8,3.3889935263142065e+49,1827089.9036002327,5739972.218598574,1,1,5.473184423106527e-07,8.710843553909674e-08,2.8859330209257735e-41,2.8859330209257735e-41,24,2.5973397188331965e-36,2.404944184104811e-43,7.413672521300738e-89,2.4712241737669128e-89,4.180545556366279e-18,3.805296554105103e-18,5.771866041851547e-41,0.9102392266268373,8.706799056130565e-100,7.255665880108805e-102,5.272859085e-35,4.3940492375e-37,6.673534054403201e-30
238,886274514279114.1,5.483506713229744e+49,2956293.564526944,9287470.14417263,1,1,3.3826140001763206e-07,5.3835973869991075e-08,1.7836046961877904e-41,1.7836046961877904e-41,24,1.6052442265690113e-36,1.4863372468231586e-43,1.0816402437265235e-89,3.6054674790884116e-90,2.583719245351701e-18,2.351802607709808e-18,3.567209392375581e-41,0.9102392266268373,3.325701306226375e-100,2.771417755188646e-102,5.272859085e-35,4.3940492375e-37,6.6735340544032e-30
239,1434022287466409.8,8.872500239543944e+49,4783383.468127172,15027442.36277119,1,1,2.0905704229302105e-07,3.327246166910572e-08,1.1023283247379853e-41,1.1023283247379852e-41,24,9.920954922641867e-37,9.186069372816543e-44,1.5780918478491219e-90,5.260306159497073e-91,1.596826311014581e-18,1.4534939463952978e-18,2.2046566494759706e-41,0.9102392266268373,1.2703048625485545e-100,1.0585873854571288e-102,5.272859085000001e-35,4.3940492375e-37,6.673534054403201e-30
240,2320296801745522.0,1.4356006952773678e+50,7739677.03265411,24314912.506943803,1,1,1.2920435772461132e-07,2.0563512200885402e-08,6.812763714498068e-42,6.812763714498068e-42,24,6.1314873430482604e-37,5.677303095415056e-44,2.3024049767858937e-91,7.67468325595298e-92,9.868929343371223e-19,8.983086613145124e-19,1.3625527428996136e-41,0.9102392266268373,4.852132814192851e-101,4.043444011827376e-103,5.272859085e-35,4.3940492375e-37,6.673534054403201e-30
241,3754319089211929.0,2.3228507192317604e+50,12523060.500781273,39342354.86971497,1,1,7.985268456840988e-08,1.2708949468220343e-08,4.210519532881793e-42,4.2105195328817925e-42,24,3.789467579593614e-37,3.508766277401494e-44,3.359163590100033e-92,1.119721196700011e-92,6.0993337667746e-19,5.551852850807867e-19,8.421039065763586e-42,0.9102392266268373,1.8533498170929927e-101,1.5444581809108274e-103,5.272859085000001e-35,4.3940492375e-37,6.673534054403201e-30
242,6074615890957447.0,3.7584514145091255e+50,20262737.53343537,63657267.37665873,1,1,4.9351673156201553e-08,7.854562732665077e-09,2.60224418161628e-42,2.6022441816162797e-42,24,2.342019763454652e-37,2.1685368180135662e-44,4.9009536284124625e-93,1.6336512094708208e-93,3.769595576596629e-19,3.431233762337263e-19,5.20448836323256e-42,0.9102392266268373,7.07916637086123e-102,5.899305309051025e-104,5.272859085000001e-35,4.3940492375e-37,6.673534054403201e-30
243,9828934980169368.0,6.081302133740881e+50,32785798.034216616,102999622.24637361,1,1,3.0501011412208375e-08,4.854386735555274e-09,1.608275351265516e-42,1.608275351265516e-42,24,1.4474478161389645e-37,1.3402294593879302e-44,7.150394978868543e-94,2.383464992956181e-94,2.3297381901779756e-19,2.120619088470608e-19,3.216550702531032e-42,0.9102392266268373,2.70400094165375e-102,2.2533341180447918e-104,5.272859085e-35,4.3940492375000005e-37,6.673534054403201e-30
244,1.590355087112703e+16,9.83975354825014e+50,53048535.5676527,166656889.6230346,1,1,1.8850661743992947e-08,3.000175997109766e-09,9.939688303507516e-43,9.939688303507514e-43,24,8.945719473156763e-38,8.283073586256263e-45,1.0432285679549916e-94,3.477428559849972e-95,1.4398573864186358e-19,1.3106146738666383e-19,1.987937660701503e-42,0.9102392266268373,1.0328364540999828e-102,8.60697045083319e-105,5.272859085000001e-35,4.3940492375000005e-37,6.673534054403202e-30
245,2.5732485851296516e+16,1.5921055681991094e+51,85834333.60186972,269656511.86940944,1,1,1.1650349668215018e-08,1.854210738445443e-09,6.143065209147429e-43,6.143065209147429e-43,24,5.528758688232685e-38,5.1192210076228574e-45,1.5220499681679102e-95,5.073499893893034e-96,8.898808037593086e-20,8.100044146039415e-20,1.2286130418294858e-42,0.9102392266268373,3.9450842064627324e-103,3.287570172052277e-105,5.272859085e-35,4.3940492375e-37,6.673534054403201e-30
246,4.163603672242351e+16,2.5760809230241214e+51,138882869.16952232,436313401.4924437,1,1,7.200312075777946e-09,1.1459652586643257e-09,3.796623094360095e-43,3.796623094360095e-43,24,3.4169607849240846e-38,3.1638525786334124e-45,2.220640976254288e-96,7.402136587514294e-97,5.499765826593282e-20,5.006102592626978e-20,7.59324618872019e-43,0.9102392266268373,1.506888078388358e-103,1.2557400653236317e-105,5.272859085e-35,4.3940492375000005e-37,6.673534054403201e-30
247,6.736852257371998e+16,4.168186491223228e+51,224717202.77139187,705969913.3618526,1,1,4.450037592437081e-09,7.082454797811185e-10,2.3464421147873388e-43,2.3464421147873388e-43,24,2.1117979033086046e-38,1.9553684289894487e-45,3.2398715210088217e-97,1.0799571736696073e-97,3.3990422109998105e-20,3.0939415534124427e-20,4.6928842295746776e-43,0.9102392266268373,5.755800287023374e-104,4.796500239186145e-106,5.272859085e-35,4.3940492375e-37,6.673534054403201e-30
248,1.0900455929614344e+17,6.744267414247345e+51,363600071.940914,1142283314.8542957,1,1,2.7502744833408687e-09,4.377197788832078e-10,1.450180979572758e-43,1.450180979572758e-43,24,1.3051628816154824e-38,1.208484149643965e-45,4.7269088451883154e-98,1.5756362817294386e-98,2.1007236155934753e-20,1.9121610392145384e-20,2.900361959145516e-43,0.9102392266268373,2.1985200771865302e-104,1.8321000643221084e-106,5.272859085e-35,4.3940492375e-37,6.6735340544032e-30
249,1.763730818698633e+17,1.0912453905470565e+52,588317274.7123054,1848253228.216147,1,1,1.6997631090962143e-09,2.705257008979111e-10,8.96261135214582e-44,8.96261135214582e-44,24,8.066350216931238e-39,7.46884279345485e-46,6.896467062299512e-99,2.2988223540998374e-99,1.2983185954063371e-20,1.1817805141979059e-20,1.792522270429164e-43,0.9102392266268373,8.39759944536213e-105,6.997999537801776e-107,5.272859085e-35,4.3940492375e-37,6.673534054403201e-30
250,2.853776411660065e+17,1.7656721319717896e+52,951917346.6532186,2990536543.0704403,1,1,1.0505113742446567e-09,1.671940779852971e-10,5.539198443581773e-44,5.539198443581773e-44,24,4.9852785992235957e-39,4.615998702984811e-46,1.0061809842133157e-99,3.3539366140443856e-100,8.0240502018714e-21,7.30380525016634e-21,1.1078396887163547e-43,0.9102392266268373,3.2075975642210727e-105,2.6729979701842273e-107,5.272859085e-35,4.3940492375e-37,6.673534054403202e-30
251,4.6175072303586944e+17,2.856917522518844e+52,1540234621.3655229,4838789771.286584,1,1,6.492517348515591e-10,1.0333162291261422e-10,3.4234129085640545e-44,3.4234129085640545e-44,24,3.081071617707649e-39,2.8528440904700453e-46,1.4679982719368025e-100,4.893327573122675e-101,4.9591357521919824e-21,4.513999891812729e-21,6.846825817128109e-44,0.9102392266268373,1.2251932473010775e-105,1.0209943727508979e-107,5.272859085e-35,4.3940492375e-37,6.673534054403201e-30
252,7.471283642018753e+17,4.6225896544906296e+52,2492151968.0187397,7829326314.3570175,1,1,4.0125963939309843e-10,6.386245507268303e-11,2.115785535017723e-44,2.1157855350177228e-44,24,1.9042069815159504e-39,1.763154612514769e-46,2.1417806142444093e-101,7.139268714148031e-102,3.064914449679423e-21,2.7898053583536167e-21,4.231571070035446e-44,0.9102392266268373,4.6798217768215665e-106,3.899851480684639e-108,5.272859085e-35,4.3940492375e-37,6.673534054403202e-30
253,1.2088790872377439e+18,7.479507177009468e+52,4032386589.3842597,12668116085.64359,1,1,2.479920954584612e-10,3.946916783993127e-11,1.3076273735463345e-44,1.3076273735463342e-44,24,1.176864636191701e-39,1.0896894779552785e-46,3.124815803428028e-102,1.0416052678093427e-102,1.8942213025125638e-21,1.7241945334591165e-21,2.615254747092669e-44,0.9102392266268373,1.7875328574539158e-106,1.48961071454493e-108,5.272859085000001e-35,4.3940492375e-37,6.673534054403201e-30
254,1.9560074514396178e+18,1.210209683150009e+53,6524538557.402994,20497442400.000595,1,1,1.5326754393463754e-10,2.4393287232751806e-11,8.081581614713902e-45,8.0815816147139e-45,24,7.2734234532425115e-40,6.734651345594917e-47,4.559044815520624e-103,1.5196816051735412e-103,1.1706931471668616e-21,1.0656108248945023e-21,1.6163163229427804e-44,0.9102392266268373,6.827767955401758e-107,5.689806629501465e-109,5.272859085000001e-35,4.3940492375e-37,6.6735340544032e-30
255,3.1648865386773596e+18,1.9581604008509545e+53,10556925146.787247,33165558485.644165,1,1,9.472455152382383e-11,1.507588060717949e-11,4.994692120749451e-45,4.99469212074945e-45,24,4.495222908674505e-40,4.1622434339578755e-47,6.651556743640301e-104,2.2171855812134337e-104,7.235281553457034e-22,6.585837085646153e-22,9.989384241498902e-45,0.9102392266268373,2.6079752916660974e-107,2.1733127430550813e-109,5.272859085000001e-35,4.3940492375e-37,6.673534054403202e-30
256,5.120893990116974e+18,3.1683700840009613e+53,17081463704.19023,53663000885.64472,1,1,5.85429924108138e-11,9.317406625572333e-12,3.086889493964456e-45,3.086889493964456e-45,24,2.77820054456801e-40,2.5724079116370466e-47,9.704490502757732e-105,3.2348301675859107e-105,4.471649918211588e-22,4.0702711632988766e-22,6.173778987928912e-45,0.9102392266268373,9.961579195965301e-108,8.301315996637752e-110,5.272859085e-35,4.3940492375e-37,6.673534054403201e-30
257,8.285780528794327e+18,5.126530484851912e+53,27638388850.977455,86828559371.28882,1,1,3.6181559113010094e-11,5.758473981607169e-12,1.907802626784998e-45,1.9078026267849983e-45,24,1.7170223641064983e-40,1.5898355223208318e-47,1.415866082900966e-105,4.719553609669887e-106,2.76363163524545e-22,2.5155659223472803e-22,3.815605253569996e-45,0.9102392266268373,3.804984671234899e-108,3.170820559362416e-110,5.272859084999999e-35,4.3940492375e-37,6.6735340544032e-30
258,1.3406674518911291e+19,8.294900568852867e+53,44719852555.167656,140491560256.93344,1,1,2.236143329780375e-11,3.5589326439651693e-12,1.1790868671794601e-45,1.17908686717946e-45,24,1.061178180461514e-40,9.825723893162167e-48,2.065720775490125e-106,6.885735918300416e-107,1.7080182829661414e-22,1.554705240951599e-22,2.3581737343589203e-45,0.9102392266268373,1.4533748177393886e-108,1.2111456814494905e-110,5.272859085000001e-35,4.3940492375e-37,6.673534054403201e-30
259,2.1692455047705604e+19,1.342143105370477e+54,72358241406.14507,227320119628.2221,1,1,1.3820125815206372e-11,2.1995413376420037e-12,7.287157596055394e-46,7.287157596055396e-46,24,6.558441836449856e-41,6.072631330046162e-48,3.013845994211866e-107,1.0046153314039554e-107,1.0556133522793112e-22,9.608606813956834e-23,1.4574315192110788e-45,0.9102392266268373,5.551397819832634e-109,4.626164849860528e-111,5.272859084999999e-35,4.3940492375e-37,6.673534054403201e-30
260,3.5099129566616867e+19,2.171633162255762e+54,117078093961.31262,367811679885.1552,1,1,8.541307482597392e-12,1.3593913063231678e-12,4.5037110757392135e-46,4.5037110757392135e-46,24,4.0533399681652914e-41,3.7530925631160115e-48,4.3971420458177705e-108,1.4657140152725902e-108,6.524049306868311e-23,5.938445595559165e-23,9.007422151478427e-46,0.9102392266268373,2.1204452821040036e-109,1.7670377350866696e-111,5.272859085e-35,4.3940492375e-37,6.673534054403201e-30
261,5.679158461432243e+19,3.5137762676262365e+54,189436335367.45755,595131799513.377,1,1,5.278818332608992e-12,8.40150031318838e-13,2.7834465203161875e-46,2.783446520316187e-46,24,2.505101868284568e-41,2.319538766930156e-48,6.4153437860565345e-109,2.1384479286855115e-109,4.032084215924811e-23,3.670161218397678e-23,5.566893040632375e-46,0.9102392266268373,8.099380264793709e-110,6.749483553994758e-112,5.272859085000001e-35,4.3940492375e-37,6.6735340544032e-30
262,9.189071418093924e+19,5.685409429881995e+54,306514429328.76996,962943479398.5315,1,1,3.262489149988406e-12,5.192412750043307e-13,1.7202645554230293e-46,1.7202645554230293e-46,24,1.5482380998807266e-41,1.4335537961858576e-48,9.359860442179545e-110,3.119953480726515e-110,2.4919650909435042e-23,2.2682843771614917e-23,3.4405291108460586e-46,0.9102392266268373,3.093687973341076e-110,2.5780733111175634e-112,5.272859085e-35,4.3940492375e-37,6.6735340544032e-30
263,1.4868229879526153e+20,9.199185697508222e+54,495950764696.22705,1558075278911.907,1,1,2.01632918262059e-12,3.2090875631450785e-13,1.0631819648931602e-46,1.0631819648931602e-46,24,9.568637684038442e-42,8.859849707443001e-49,1.365585234691358e-110,4.551950782304527e-111,1.5401191249813097e-23,1.4018768412361888e-23,2.1263639297863204e-46,0.9102392266268373,1.1816836552295148e-110,9.84736379357929e-113,5.272859085e-35,4.3940492375e-37,6.673534054403201e-30
264,2.4057301297620058e+20,1.4884595127390206e+55,802465194024.9963,2521018758310.4365,1,1,1.246159967367819e-12,1.9833251868982338e-13,6.570825905298707e-47,6.570825905298707e-47,24,5.913743314768836e-42,5.47568825441559e-49,1.992362006599326e-111,6.64120668866442e-112,9.518459659621971e-24,8.664075359253051e-24,1.3141651810597415e-46,0.9102392266268373,4.513629923474626e-111,3.761358269562188e-113,5.272859085e-35,4.3940492375000005e-37,6.673534054403201e-30
265,3.892553117714618e+20,2.408378082489841e+55,1298415958721.2224,4079094037222.341,1,1,7.701692152527723e-13,1.2257623762468467e-13,4.0609937436329015e-47,4.0609937436329015e-47,24,3.654894369269611e-42,3.384161453027418e-49,2.9068169928167537e-112,9.689389976055846e-113,5.882731590191136e-24,5.354693053108845e-24,8.121987487265803e-47,0.9102392266268373,1.7240532181287223e-111,1.4367110151072687e-113,5.272859085e-35,4.3940492375e-37,6.673534054403201e-30
266,6.29828324747662e+20,3.8968375952288585e+55,2100881152746.2173,6600112795532.772,1,1,4.759907521150475e-13,7.575628106513885e-14,2.5098321616658113e-47,2.5098321616658113e-47,24,2.2588489454992306e-42,2.091526801388176e-49,4.240988837239701e-113,1.413662945746567e-113,3.635728069430842e-24,3.3093823061442135e-24,5.019664323331623e-47,0.9102392266268373,6.585297309115361e-112,5.4877477575961345e-114,5.272859085e-35,4.3940492375000005e-37,6.673534054403202e-30
267,1.019083636519123e+21,6.305215677718695e+55,3399297111467.4375,10679206832755.105,1,1,2.9417846313772544e-13,4.6819956559545923e-14,1.551161581967093e-47,1.551161581967093e-47,24,1.3960454237703839e-42,1.2926346516392442e-49,6.187519325103102e-114,2.062506441701034e-114,2.247003520760299e-24,2.045310746964635e-24,3.102323163934186e-47,0.9102392266268373,2.5153597460588474e-112,2.0961331217157062e-114,5.272859085e-35,4.3940492375e-37,6.6735340544032e-30
268,1.648911961266784e+21,1.0202053272947548e+56,5500178264213.651,17279319628287.867,1,1,1.818122889773224e-13,2.8936324505592976e-14,9.586705796987197e-48,9.586705796987197e-48,24,8.628035217288479e-43,7.988921497489331e-50,9.027469033246227e-115,3.009156344415409e-115,1.388724548670545e-24,1.2640715591795806e-24,1.9173411593974395e-47,0.9102392266268373,9.607819290611763e-113,8.006516075509803e-115,5.272859085e-35,4.3940492375e-37,6.673534054403201e-30
269,2.6679955977859047e+21,1.6507268950666228e+56,8899475375681.08,27958526461042.945,1,1,1.1236617416040319e-13,1.7883632053952972e-14,5.924910022683742e-48,5.924910022683742e-48,24,5.332419020415368e-43,4.937425018903119e-50,1.31708998169249e-115,4.390299938974966e-116,8.58278972089755e-25,7.812391877850556e-25,1.1849820045367484e-47,0.9102392266268373,3.6698604112467945e-113,3.0582170093723286e-115,5.272859085e-35,4.3940492375e-37,6.673534054403201e-30
270,4.3169075590526853e+21,2.6709322223613756e+56,14399653639894.72,45237846089330.78,1,1,6.944611481691939e-14,1.1052692451640036e-14,3.661795774303465e-48,3.661795774303465e-48,24,3.295616196873118e-43,3.0514964785862208e-50,1.921608386011736e-116,6.405361286705787e-117,5.304455765807913e-25,4.828323713945263e-25,7.32359154860693e-48,0.9102392266268373,1.4017619431286104e-113,1.1681349526071753e-115,5.272859085e-35,4.3940492375e-37,6.673534054403201e-30
271,6.984903156838586e+21,4.321659117427996e+56,23299129015575.79,73196372550373.69,1,1,4.292005934348388e-14,6.830939602312948e-15,2.2631142483802812e-48,2.2631142483802812e-48,24,2.036802823542253e-43,1.8859285403169006e-50,2.803588851572299e-117,9.345296171907664e-118,3.278333955089644e-25,2.9840681639052985e-25,4.5262284967605623e-48,0.9102392266268373,5.354254181390324e-114,4.4618784844919367e-116,5.272859085e-35,4.394049237499999e-37,6.6735340544032e-30
272,1.1301810715891262e+22,6.992591339789365e+56,37698782655470.48,118434218639704.36,1,1,2.6526055473435553e-14,4.2217528493270944e-15,1.3986815259231862e-48,1.3986815259231862e-48,24,1.2588133733308675e-43,1.165567938269322e-50,4.090381008887047e-118,1.3634603362956822e-118,2.0261218107182724e-25,1.8442555500399675e-25,2.7973630518463724e-48,0.9102392266268373,2.045143112884862e-114,1.7042859274040515e-116,5.272859085e-35,4.3940492375000005e-37,6.673534054403202e-30
273,1.8286713872729835e+22,1.1314250457217353e+57,60997911671046.23,191630591190077.9,1,1,1.6394003870048364e-14,2.6091867529858593e-15,8.644327224570968e-49,8.644327224570966e-49,24,7.77989450211387e-44,7.203606020475806e-51,5.967785464862526e-119,1.989261821620842e-119,1.2522121443713743e-25,1.1398126138653332e-25,1.7288654449141936e-48,0.9102392266268373,7.81175157264255e-115,6.509792977202125e-117,5.272859085000001e-35,4.3940492375000005e-37,6.673534054403201e-30
274,2.9588524588621076e+22,1.8306841797006706e+57,98696694326516.62,310064809829782.06,1,1,1.0132051603387208e-14,1.612566096341238e-15,5.342488034660906e-49,5.342488034660906e-49,24,4.808239231194815e-44,4.4520733622174214e-51,8.706881651671568e-120,2.9022938838905227e-120,7.739096663469e-26,7.04442936174636e-26,1.0684976069321811e-48,0.9102392266268373,2.983823589079014e-115,2.486519657565845e-117,5.272859085e-35,4.3940492375e-37,6.673534054403201e-30
275,4.787523846135088e+22,2.962109225422404e+57,159694605997562.75,501695401019859.6,1,1,6.261952266661166e-15,9.96620656644623e-16,3.3018391899100674e-49,3.3018391899100674e-49,24,2.971655270919061e-44,2.7515326582583895e-51,1.2703169130755832e-120,4.234389710251944e-121,4.78302478024475e-26,4.35369677690698e-26,6.603678379820135e-49,0.9102392266268373,1.1397191945944844e-115,9.497659954954037e-118,5.272859085e-35,4.3940492375e-37,6.673534054403201e-30
276,7.74637630499719e+22,4.792793405123071e+57,258391300324079.2,811760210849641.1,1,1,3.870099336726048e-15,6.15945439696616e-16,2.0406488447508414e-49,2.0406488447508414e-49,24,1.8365839602757572e-44,1.7005407039590348e-51,1.8533673985749837e-121,6.177891328583279e-122,2.9560718832242534e-26,2.6907325848393834e-26,4.081297689501683e-49,0.9102392266268373,4.3533399470443823e-116,3.627783289203652e-118,5.272859084999999e-35,4.3940492375000005e-37,6.673534054403201e-30
277,1.2533900151132268e+23,7.754902630545469e+57,418085906321641.6,1313455611869499.8,1,1,2.391852929935123e-15,3.8067521694800768e-16,1.2611903451592283e-49,1.2611903451592283e-49,24,1.1350713106433054e-44,1.050991954299357e-51,2.70402659269028e-122,9.013421975634267e-123,1.8269528970205e-26,1.6629641920676e-26,2.5223806903184566e-49,0.9102392266268373,1.6628278951882888e-116,1.3856899126569073e-118,5.272859085e-35,4.3940492375000005e-37,6.673534054403202e-30
278,2.0280276456129445e+23,1.2547696035668533e+58,676477206645720.4,2125215822719139.5,1,1,1.4782464067909276e-15,2.3527022274860886e-16,7.794584995916148e-50,7.794584995916148e-50,24,7.015126496324533e-45,6.495487496596791e-52,3.945121630820776e-123,1.3150405436069252e-123,1.1291189862037559e-26,1.0277683927717854e-26,1.5589169991832296e-49,0.9102392266268373,6.35143738520479e-117,5.292864487670659e-119,5.272859085e-35,4.3940492375000005e-37,6.673534054403201e-30
279,3.281417660726169e+23,2.0302598666213986e+58,1094563112967361.1,3438671434588637.0,1,1,9.136065231441971e-16,1.4540499419939906e-16,4.817318455676143e-50,4.817318455676143e-50,24,4.3355866101085284e-45,4.014432046396786e-52,5.755854888425906e-124,1.9186182961419684e-124,6.978339108167452e-27,6.351957992958155e-27,9.634636911352285e-50,0.9102392266268373,2.4260332037314745e-117,2.0216943364428954e-119,5.272859085e-35,4.3940492375000005e-37,6.673534054403201e-30
280,5.309445306339109e+23,3.285029470188249e+58,1771040319613080.0,5563887257307772.0,1,1,5.646398836467317e-16,8.986522854920998e-17,2.977266540240012e-50,2.977266540240012e-50,24,2.6795398862160107e-45,2.48105545020001e-52,8.397679107734829e-125,2.799226369244943e-125,4.312850753870117e-27,3.925725934759708e-27,5.954533080480024e-50,0.9102392266268373,9.266622259896262e-118,7.722185216580219e-120,5.272859085e-35,4.3940492375e-37,6.673534054403201e-30
281,8.590862967065272e+23,5.315289336809644e+58,2865603432580439.0,9002558691896403.0,1,1,3.4896663949746626e-16,5.55397656501892e-17,1.8400519154361348e-50,1.8400519154361348e-50,24,1.656046723892521e-45,1.533376596196779e-52,1.2252048698846175e-125,4.084016232948725e-126,2.6654883542973407e-27,2.4262320581984527e-27,3.6801038308722696e-50,0.9102392266268373,3.5395347423740134e-118,2.9496122853116777e-120,5.272859085e-35,4.3940492375e-37,6.673534054403201e-30
282,1.3900308273404765e+24,8.600318806998131e+58,4636643752193648.0,1.4566445949204576e+16,1,1,2.1567324414925968e-16,3.432546289901988e-17,1.137214624803847e-50,1.1372146248038469e-50,24,1.0234931623234623e-45,9.476788540032058e-53,1.7875498145745686e-126,5.958499381915229e-127,1.647362399572733e-27,1.4994938765612153e-27,2.274429249607694e-50,0.9102392266268373,1.3519819672256954e-118,1.1266516393547462e-120,5.272859085000001e-35,4.3940492375e-37,6.673534054403201e-30
283,2.2491171240470262e+24,1.3915608143807915e+59,7502247184774162.0,2.3569004641101216e+16,1,1,1.3329339534819696e-16,2.1214302751167796e-17,7.028372906322371e-51,7.02837290632237e-51,24,6.325535615690133e-46,5.856977421935309e-53,2.608000031771712e-127,8.69333343923904e-128,1.0181259547245348e-27,9.26738181637171e-28,1.4056745812644742e-50,0.9102392266268373,5.164111593032698e-119,4.303426327527248e-121,5.272859085000001e-35,4.3940492375e-37,6.673534054403201e-30
284,3.6391479513875e+24,2.251592695080603e+59,1.2138890936967802e+16,3.813545059030577e+16,1,1,8.237984880106288e-17,1.3111160147852105e-17,4.343773341716108e-51,4.343773341716108e-51,24,3.909396007544497e-46,3.619811118096756e-53,3.805020766562536e-128,1.2683402555208452e-128,6.292364448481993e-28,5.727556949240455e-28,8.687546683432215e-51,0.9102392266268373,1.9725151068411277e-119,1.643762589034273e-121,5.272859085e-35,4.3940492375e-37,6.6735340544032e-30
285,5.888265075434522e+24,3.643153509461392e+59,1.9641138121741948e+16,6.1704455231406936e+16,1,1,5.091354654713416e-17,8.103142603315703e-18,2.6845995646062675e-51,2.6845995646062675e-51,24,2.416139608145641e-46,2.2371663038385562e-53,5.551450482205934e-129,1.8504834940686445e-129,3.8888950987633603e-28,3.539824867131259e-28,5.369199129212535e-51,0.9102392266268373,7.534337274906813e-120,6.278614395755677e-122,5.272859085e-35,4.3940492375e-37,6.673534054403201e-30
286,9.527413026822015e+24,5.89474620454199e+59,3.1780029058709724e+16,9.983990582171262e+16,1,1,3.1466302253928784e-17,5.008017544536414e-18,1.6591737771098435e-51,1.6591737771098435e-51,24,1.4932563993988593e-46,1.3826448142582028e-53,8.099457098160881e-130,2.6998190327202937e-130,2.4034693497186373e-28,2.1877320821092e-28,3.318347554219687e-51,0.9102392266268373,2.8778607563091455e-120,2.398217296924288e-122,5.272859085e-35,4.3940492375e-37,6.673534054403201e-30
287,1.5415678102256526e+25,9.537899714003376e+59,5.142116718045164e+16,1.6154436105311942e+17,1,1,1.944724429320542e-17,3.095125058779295e-18,1.025425787496426e-51,1.025425787496426e-51,24,9.228832087467833e-47,8.54521489580355e-54,1.1816948650667105e-130,3.9389828835557017e-131,1.485425749044726e-28,1.352092785022062e-28,2.050851574992852e-51,0.9102392266268373,1.0992449940206163e-120,9.160374950171803e-123,5.272859085e-35,4.3940492375e-37,6.673534054403201e-30
288,2.4943091129078526e+25,1.5432645918545357e+60,8.320119623916131e+16,2.6138426687483194e+17,1,1,1.2019057960723381e-17,1.9128924857571216e-18,6.3374798961341856e-52,6.337479896134185e-52,24,5.703731906520767e-47,5.281233246778488e-54,1.7240695730607775e-131,5.746898576869258e-132,9.180436006739128e-29,8.356392970871394e-29,1.2674959792268371e-51,0.9102392266268373,4.198742257527009e-121,3.498951881272507e-123,5.272859085000001e-35,4.3940492375000005e-37,6.673534054403202e-30
289,4.035876923133502e+25,2.4970545632548713e+60,1.3462236341961285e+17,4.2292862792795104e+17,1,1,7.428186332482053e-18,1.1822325730221759e-18,3.9167779788300824e-52,3.9167779788300824e-52,24,3.525100180947074e-47,3.2639816490250687e-54,2.515383607583139e-132,8.384612025277129e-133,5.673821483708143e-29,5.164534879349235e-29,7.833555957660165e-52,0.9102392266268373,1.6037768323748555e-121,1.336480693645713e-123,5.272859085e-35,4.3940492375000005e-37,6.673534054403202e-30
290,6.53018603604135e+25,4.040319155109404e+60,2.17823559658774e+17,6.843128948027825e+17,1,1,4.590871628241338e-18,7.306599127349471e-19,2.420701917304108e-52,2.420701917304108e-52,24,2.1786317255736973e-47,2.017251597753423e-54,3.669895224741557e-133,1.2232984082471856e-133,3.5066145230309916e-29,3.191858091522166e-29,4.841403834608216e-52,0.9102392266268373,6.125882395975526e-122,5.104901996646272e-124,5.272859085e-35,4.3940492375e-37,6.673534054403201e-30
291,1.0566062959174843e+26,6.53737371836427e+60,3.5244592307838656e+17,1.1072415227307325e+18,1,1,2.8373147042407204e-18,4.515726602872298e-19,1.496076061525977e-52,1.4960760615259768e-52,24,1.346468455373379e-47,1.2467300512716473e-54,5.354304973594664e-134,1.7847683245315548e-134,2.1672069606771554e-29,1.9726767878270725e-29,2.992152123051954e-52,0.9102392266268373,2.339878864178012e-122,1.9498990534816767e-124,5.272859085e-35,4.3940492375e-37,6.6735340544032e-30
292,1.7096248995216182e+26,1.0577692873473666e+61,5.702694827371602e+17,1.7915544175335137e+18,1,1,1.7535569240006214e-18,2.7908725244771794e-19,9.246258557781332e-53,9.24625855778133e-53,24,8.321632702003198e-48,7.705215464817774e-55,7.811825677469978e-135,2.6039418924899926e-135,1.3394075623538396e-29,1.2191813036950963e-29,1.8492517115562664e-52,0.9102392266268373,8.937541965585025e-123,7.447951637987521e-125,5.272859085000001e-35,4.3940492375e-37,6.673534054403201e-30
293,2.7662311954391007e+26,1.7115066591837924e+61,9.227154058155461e+17,2.8987959402642447e+18,1,1,1.0837577802401007e-18,1.7248540783951204e-19,5.714502057478449e-53,5.714502057478449e-53,24,5.143051851730603e-48,4.7620850478987066e-55,1.139730006343098e-135,3.79910002114366e-136,8.277993983233173e-30,7.534954841319776e-30,1.1429004114956897e-52,0.9102392266268373,3.4138372549749405e-123,2.844864379145784e-125,5.272859085e-35,4.3940492375e-37,6.673534054403201e-30
294,4.475856094960716e+26,2.769275946531157e+61,1.4929848885527053e+18,4.690350357797755e+18,1,1,6.697991437605218e-19,1.0660184460820606e-19,3.5317565003028884e-53,3.531756500302888e-53,24,3.178580850272599e-48,2.9431304169190736e-55,1.6628436693169291e-136,5.54281223105643e-137,5.1160816403052306e-30,4.6568581956311946e-30,7.063513000605777e-53,0.9102392266268373,1.3039697993397873e-123,1.0866414994498228e-125,5.272859085e-35,4.3940492375000005e-37,6.673534054403202e-30
295,7.242087290399811e+26,4.480782605714946e+61,2.4157002943682493e+18,7.589146298061994e+18,1,1,4.1395863647957972e-19,6.588356323130611e-20,2.1827455571755644e-53,2.1827455571755644e-53,24,1.9644710014580078e-48,1.818954630979637e-55,2.4260562178750024e-137,8.086854059583341e-138,3.161912342927948e-30,2.8780966456885868e-30,4.365491114351129e-53,0.9102392266268373,4.980721430444192e-124,4.1506011920368265e-126,5.272859085e-35,4.3940492375e-37,6.673534054403201e-30
296,1.1717943385360516e+27,7.250058552246097e+61,3.9086851829209513e+18,1.2279496655859737e+19,1,1,2.5584050728094256e-19,4.071828137690005e-20,1.3490109431273267e-53,1.3490109431273267e-53,24,1.214109848814594e-48,1.1241757859394388e-55,3.539568319556907e-138,1.179856106518969e-138,1.9541692973772865e-30,1.7787615499426113e-30,2.6980218862546534e-53,0.9102392266268373,1.9024662979346886e-124,1.5853885816122406e-126,5.272859085e-35,4.3940492375e-37,6.673534054403201e-30
297,1.8960030675760314e+27,1.1730841157961036e+62,6.324385477289197e+18,1.9868642953921716e+19,1,1,1.5811812919863753e-19,2.516528185440611e-20,8.337346140482396e-54,8.337346140482396e-54,24,7.503611526434156e-49,6.947788450401997e-56,5.16416058148262e-139,1.7213868604942066e-139,1.2077430455506642e-30,1.0993350957459778e-30,1.6674692280964792e-53,0.9102392266268373,7.266774633598677e-125,6.055645527998897e-127,5.272859085e-35,4.3940492375000005e-37,6.673534054403202e-30
298,3.067797406112081e+27,1.8980899710207122e+62,1.0233070660210141e+19,3.2148139609781432e+19,1,1,9.77223780823052e-20,1.5552999522493966e-20,5.152763290790879e-54,5.152763290790879e-54,24,4.6374869617117915e-49,4.293969408992399e-56,7.534408748092013e-140,2.5114695826973375e-140,7.464262518266234e-31,6.794264541966346e-31,1.0305526581581758e-53,0.9102392266268373,2.775660921449134e-125,2.3130507678742784e-127,5.272859085e-35,4.3940492375e-37,6.673534054403201e-30
299,4.963800473688108e+27,3.0711740868168132e+62,1.6557456137499324e+19,5.201678256370311e+19,1,1,6.039575111633243e-20,9.612282331912163e-21,3.1845828496915236e-54,3.184582849691523e-54,24,2.8661245647223706e-49,2.653819041409603e-56,1.0992554218178035e-140,3.6641847393926786e-141,4.613167937240419e-31,4.199086415493441e-31,6.369165699383047e-54,0.9102392266268373,1.0602081307487183e-125,8.835067756239319e-128,5.272859085000001e-35,4.3940492375000005e-37,6.673534054403201e-30
300,8.031597879800184e+27,4.9692640578375215e+62,2.6790526797709447e+19,8.416492217348448e+19,1,1,3.7326626965972863e-20,5.940717190581817e-21,1.96818044109936e-54,1.9681804410993597e-54,24,1.771362396989424e-49,1.6401503675827996e-56,1.6037920463259136e-141,5.345973487753045e-142,2.8510945810258217e-31,2.5951781264729107e-31,3.93636088219872e-54,0.9102392266268373,4.0496347079701826e-126,3.3746955899751524e-128,5.272859085000001e-35,4.394049237499999e-37,6.673534054403198e-30
301,1.2995398353488282e+28,8.040438144654328e+62,4.334798293520874e+19,1.3618170473718748e+20,1,1,2.3069124150359607e-20,3.671565141330352e-21,1.2164024085921655e-54,1.2164024085921655e-54,24,1.0947621677329489e-49,1.0136686738268046e-56,2.3399010610334626e-142,7.799670203444876e-143,1.7620733562145997e-31,1.6039082890205329e-31,2.432804817184331e-54,0.9102392266268373,1.5468228164233574e-126,1.2890190136861313e-128,5.272859085e-35,4.3940492375e-37,6.673534054403201e-30
302,2.102699623328845e+28,1.300970220249184e+63,7.013850973291813e+19,2.203466269106718e+20,1,1,1.4257502815613284e-20,2.26915204925147e-21,7.517780325071958e-55,7.517780325071959e-55,24,6.766002292564764e-50,6.264816937559966e-57,3.4138696397505982e-143,1.1379565465835328e-143,1.089021224811224e-31,9.912698374523796e-32,1.5035560650143915e-54,0.9102392266268373,5.90833741299884e-127,4.923614510832367e-129,5.272859084999999e-35,4.3940492375000005e-37,6.673534054403201e-30
303,3.4022394586776706e+28,2.1050140347146153e+63,1.1348649266812677e+20,3.56528331647859e+20,1,1,8.81162133474634e-21,1.4024130920788844e-21,4.646243760849706e-55,4.646243760849706e-55,24,4.1816193847647357e-50,3.8718698007080885e-57,4.9807686791951116e-144,1.6602562263983706e-144,6.730521314033771e-32,6.126384515681544e-32,9.292487521699412e-55,0.9102392266268373,2.2567840747629345e-127,1.880653395635779e-129,5.272859085e-35,4.3940492375e-37,6.673534054403201e-30
304,5.504939082006511e+28,3.4059842549637965e+63,1.8362500240104476e+20,5.768749585585304e+20,1,1,5.445881480866956e-21,8.667389571725871e-22,2.8715365642222585e-55,2.871536564222258e-55,24,2.5843829078000324e-50,2.392947136851882e-57,7.266843568597246e-145,2.4222811895324154e-145,4.159690934078478e-32,3.7863138588422604e-32,5.743073128444517e-55,0.9102392266268373,8.620148112899584e-128,7.183456760749653e-130,5.272859085e-35,4.3940492375e-37,6.673534054403202e-30
305,8.907178540684176e+28,5.510998289678408e+63,2.971114950691714e+20,9.334032902063887e+20,1,1,3.3657398538793902e-21,5.356741349062985e-22,1.7747071966274517e-55,1.7747071966274517e-55,24,1.597236476964706e-50,1.4789226638562098e-57,1.0602181882294652e-145,3.5340606274315504e-146,2.5708303799552985e-32,2.3400706568392893e-32,3.5494143932549034e-55,0.9102392266268373,3.2926035910693775e-128,2.7438363258911477e-130,5.272859085000001e-35,4.3940492375000005e-37,6.673534054403201e-30
306,1.4412117622690677e+29,8.916982544642198e+63,4.8073649747021575e+20,1.5102782487649182e+21,1,1,2.080141626987569e-21,3.3106482226628917e-22,1.0968293675948085e-55,1.0968293675948085e-55,24,9.871464308353276e-51,9.140244729956736e-58,1.5468374900900114e-146,5.156124966966705e-147,1.588860554123182e-32,1.4462432020029733e-32,2.193658735189617e-55,0.9102392266268373,1.2576626603085437e-128,1.0480522169237864e-130,5.272859085e-35,4.3940492375e-37,6.673534054403201e-30
307,2.3319296163374834e+29,1.4427980834320595e+64,7.778479925393865e+20,2.4436815389713047e+21,1,1,1.285598226891824e-21,2.0460931264000981e-22,6.778778290326446e-56,6.778778290326445e-56,24,6.1009004612938e-51,5.648981908605371e-58,2.2568054833540627e-147,7.522684944513542e-148,9.819698258321188e-33,8.93827454836318e-33,1.3557556580652892e-55,0.9102392266268373,4.80384389856251e-129,4.0032032488020917e-131,5.272859085000001e-35,4.3940492375e-37,6.673534054403201e-30
308,3.7731413786065486e+29,2.334496337896278e+64,1.2585844900096015e+21,3.95395978773622e+21,1,1,7.945434000957467e-22,1.2645550962627959e-22,4.189515385621648e-56,4.189515385621647e-56,24,3.7705638470594817e-51,3.491262821351373e-58,3.292634825782886e-148,1.0975449419276286e-148,6.068907282910642e-33,5.524157471666564e-33,8.379030771243296e-56,0.9102392266268373,1.8349050926020782e-129,1.5290875771683984e-131,5.272859085000001e-35,4.3940492375e-37,6.673534054403201e-30
309,6.1050709949440274e+29,3.7772944213283345e+64,2.0364324825489864e+21,6.397641326707521e+21,1,1,4.910548267960782e-22,7.815380301373035e-23,2.5892629047048024e-56,2.589262904704802e-56,24,2.330336614234322e-51,2.1577190872540017e-58,4.803889469395366e-149,1.6012964897984555e-149,3.750790975410553e-33,3.414117076696623e-33,5.178525809409605e-56,0.9102392266268373,7.008713792437215e-130,5.840594827031012e-132,5.272859085000001e-35,4.3940492375e-37,6.673534054403201e-30
310,9.878212373550569e+29,6.111790759224608e+64,3.2950169725585856e+21,1.0351601114443734e+22,1,1,3.034885732996691e-22,4.8301706612549345e-23,1.6002524809168487e-56,1.6002524809168485e-56,24,1.4402272328251637e-51,1.3335437340973737e-58,7.008780279386316e-150,2.3362600931287718e-150,2.318116307500094e-33,2.1100403949699452e-33,3.2005049618336974e-56,0.9102392266268373,2.6770904512908427e-130,2.2309087094090357e-132,5.272859085000001e-35,4.3940492375e-37,6.673534054403201e-30
311,1.5983283368494585e+30,9.889085180552935e+64,5.331449455107568e+21,1.6749242441151241e+22,1,1,1.875662534964094e-22,2.9852096401181054e-23,9.890104237879554e-57,9.890104237879554e-57,24,8.901093814091598e-52,8.241753531566295e-59,1.0225672617504522e-150,3.408557539168174e-151,1.4326746679104614e-33,1.3040766817266794e-33,1.9780208475759108e-56,0.9102392266268373,1.0225575614353081e-130,8.521313011960901e-133,5.272859085e-35,4.3940492375e-37,6.673534054403202e-30
312,2.5861495742045134e+30,1.600087593977753e+65,8.626466427666147e+21,2.7100843555594955e+22,1,1,1.159223198032599e-22,1.844961021136832e-23,6.112420571288944e-57,6.112420571288943e-57,24,5.501178514160048e-52,5.093683809407452e-59,1.4919055286683545e-151,4.973018428894515e-152,8.854416395896341e-34,8.059637132432673e-34,1.2224841142577888e-56,0.9102392266268373,3.905822330150795e-131,3.2548519417923292e-133,5.272859085000001e-35,4.3940492375e-37,6.673534054403201e-30
